"Trending Products","سلع شائعة"
"Your Language:",":لغتك"
"Language","لغة"
"My Account","حسابي"
"Logout","خروج"
"sell at elabelz","البيع على إي ليبلز"
"Sell at ELABELZ","البيع على إي ليبلز"
"Our Top Categories","أفضل الفئات"
"Women&rsquo;s Clothing","ملابس نسائية"
"Women&rsquo;s Shoes","احذية نسائية"
"Men&rsquo;s Clothing","ملابس رجالية"
"Men&rsquo;s Football Shoes","احذية كرة قدم"
"Women&rsquo;s Accessories","اكسسوارات"
"Women&rsquo;s Dresses","فساتين"
"Shoes Online","احذية"
"Clothes Online","ملابس"
"Our Top Brands","أفضل العلامات التجارية"
"Men","الرجال"
"MEN","الرجال"
"men","الرجال"
"women","النساء"
"Women","النساء"
"WOMEN","النساء"
"Subscribe","الاشتراك"
"Clothing","ملابس"
"CLOTHING","ملابس"
"CLOTHING ","ملابس"
"Sort By","التصنيف حسب"
"SORT BY","التصنيف حسب"
"ACCESSORIES","اكسسوارات"
"Accessories","اكسسوارات"
"Caps","قبعات"
"CAPS","قبعات"
"caps","قبعات"
"The Crazy Ones","ذا كريزي ونز"
"COLLECTIONS","مختارات"
"Collections","مجموعات"
"DESIGN YOUR OWN","التصميم الخاص بك"
"Design Your Own","تصميم بنفسك"
"DESIGN CATEGORIES","تصميم الفئات"
"Design Category","تصميم الفئة"
"TShirt","تي شيرت"
"T Shirt","تي شيرت"
"T-Shirt","تي شيرت"
"TSHIRT","تي شيرت"
"Tank Top","دبابات الأعلى"
"Polo","بولو"
"Trending","تتجه"
"TRENDING","تتجه"
"Best Seller","الأكثر مبيعًا"
"BEST SELLER","الأكثر مبيعًا"
"Best Sellers","الأكثر مبيعًا"
"New","جديد"
"NEW","جديد"
"Cases","الحالات"
"Notebooks","دفاتر"
"Mesh Caps","شبكة قبعات"
"Snap backs"."القبعات المسطحة"
"Snap Backs"."القبعات المسطحة"
" Snap Backs"."اظهورهم المفاجئة"
"SNAP BACKS"."القبعات المسطحة"
"Featured","متميز"
" In stock","في المخزن"
"In stock","في المخزن"
"Quantity","كمية"
"Caps","قبعات"
"Subscribe and get <big>20%</big> OFF on your first purchase","اشترك واحصل على خصم <big>%20</big> عند أول شراء"
"Email","البريد الالكتروني"
"GET MY 20% OFF NOW","الحصول على خصم 20% الآن"
"Don’t show this popup again","لا تظهر هذه الرسائل مرة أخرى"
"Home","الصفحة الرئيسية"
"HOME","الصفحة الرئيسية"
"ACCESSORIES","اكسسوارات"
"COLLECTIONS","المجموعات"
"DESIGN YOUR OWN","صمم المنتج الخاص بك"
"LOGIN","الدخول"
"Log In","الدخول"
"Login","الدخول"
"Create new seller account","إنشاء حساب بائع جديد"
"CREATE NEW SELLER ACCOUNT","إنشاء حساب بائع جديد"
"Create New Seller Account","إنشاء حساب بائع جديد"
"Registered Sellers","البائعين مسجل"
"Email Address","البريد الإلكتروني"
"Email address","البريد الإلكتروني"
"Password","كلمة السر"
"password","كلمة السر"
"Password:","كلمة السر"
"Password*","كلمة السر"
"Confirm Password*","تأكيد كلمة السر*"
"Current Password","كلمة السر الحالية"
"New Password","كلمة السر الجديدة"
"Confirm New Password","تأكيد كلمة السر جديدة"
"T-Shirt","قميص"
"Store Name*","أسم المحل *"
"Email*","البريد الإلكتروني*"
"NOTEBOOKS","دفاتر الملاحظات"
"Notebooks","دفاتر الملاحظات"
"notebooks","دفاتر الملاحظات"
"POLO SHIRTS","قميص بولو"
"If you can Create, you can CREO","إذا بإمكانك الإبداع فبإمكانك استخدام CREO"
"Read on, and discover why CREO is more than a marketplace, and why the people are more essential than the product","القراءة واكتشاف سبب كون CREO أكثر من مجرد موقع للتسوّق، وسبب أهمية العملاء أكثر من المنتج"
"What is CREO?","الالهام CREO؟"
"CREO on a Mission","CREO في مهمة"
"THE CREO STORY","قصة CREO"
"CREO PEOPLE","أسرة CREO"
"CREO At Work","CREO في العمل"
"Customer Service","خدمات العملاء"
"FAQ","الأسئلة  المتكررة"
"SHIPPING","الشحن"
"SHIP TO ADDRESS","السفينة إلى عنوان"
"Bulk Orders","طلبات بالجملة"
"Return Policy","الاستبدال"
"Payment Method","طريقة الدفع"
"PRIVACY POLICY","سياسة الخصوصية"
"TERMS & CONDITIONS","الشروط والأحكام"
"Account","الحساب"
"Search entire store here...","...ابحث المتجر بالكامل هنا"
"Search entire store...","إبحث عن كل المنتجات"
"YOUR ACCOUNT","حسابك"
"WISHLIST","قائمة المنتجات المفضلة"
"CHECKOUT","الدفع عند الخروج"
"Checkout","الدفع عند الخروج"
"Track your order","تتبع طلبك"
"Track Shipment","تتبع الشحن"
"about us","عن الشركة"
"About Us","عن الشركة"
"About us","عن الشركة"
"Popular Products","أفضل المنتجات"
"CONTACT US","تواصل معنا"
"CUSTOMER SERVICE","خدمات العملاء"
"Payment Methods","وسائل الدفع"
"JOIN","انضم الينا"
"MY CART","عربتي"
"My Cart","عربتي"
"my cart","عربتي"
"Men T-shirt","ملابس الرجال"
"search entire store","إبحث عن كل المنتجات"
"Featured","متميز"
"Trending","الأكثر انتشاراً"
"Best Seller","الأكثر مبيعاً"
"NEW","جديد"
"What's New","التشكيلة الجديدة"
"Coming soon","قريبا"
"SPORTS SHOP","متجر الرياضة"
"Sports Shop","متجر الرياضة"
"Men","الرجال"
"TShirt","قميص"
"Women","النساء"
"Tank Top","قميص بلا أكمام"
"Polo","بولو"
"Polo Color","بولو اللون"
"Print Color","طباعة اللون"
"New Collection","مجموعة جديدة"
"Search By Design","ابحث باستخدام التصميم"
"Search by Design","ابحث باستخدام التصميم"
"View All","أظهر الكل"
"Barcode","شيفرة التعريف( باركود)"
"Brands","ماركات"
"BRANDS","ماركات"
"brands","ماركات"
"Brand","ماركات"
"Local Designers","مصممين محليين"
"local designers","مصممين محليين"
"LOCAL DESIGNERS","مصممين محليين"
"Sale","تخفيضات"
"SALE","تخفيضات"
"sale","تخفيضات"
"Designer Deals","عروض مصمم"
"Bikers","سائقو الدراجات"
"Beach","شاطئ"
"Beard","لحية"
"Pug Life","أسلوب حياة الشخص السعيد"
"Retro/Boho","رجعي/ بوهيمي"
"X City Love","حب مدينة X"
"All designs are available on Round Neck T-Shirt, V Neck T-Shirt and Tank Tops.","تتوفر جميع التصميمات بقمصان ذات ياقات دائرية وياقات على شكل حرف V وقمصان بلا أكمام"
"Phone Model","موديل الهاتف"
"Cases","حالات"
"Leather","الجلد"
"Wood","الخشب"
"Notebook Material","مادة دفتر الملاحظات"
"Mesh Caps","قبعات شبكية"
"Mesh Color","شبكة اللون"
"Snap Backs","قبعة بيسبول"
"kids","الاطفال"
"KIDS","الاطفال"
"Shoes","احذية"
"SHOES","احذية"
"SHOES ","احذية"
"Sandals","صنادل"
"Dresses","فساتين"
"Tops","بلايز"
"Lingerie & Nightwear","لانجري وملابس نوم"
"Lingerie &amp; Nightwear","لانجري وملابس نوم"
"Sportswear","ملابس رياضية"
"Pants & Leggings","بناطلين وليقنقز"
"Pants &amp; Leggings","بناطلين وليقنقز"
"Arabian Clothing","ازياء عربية"
"Hoodies & Sweatshirts","هوديات و سويت شيرتات"
"Shirts & Bouses","قمصان وبلوزات"
"Skirts","تنانير"
"Lace Up","احذية بأربطة"
"Fromal Lace Up","احذية رسمية باربطة"
"Casual Lace Up","احذية كاجوال باربطة"
"Plus Size Clothing","ملابس مقاسات كبيرة"
"Swimwear & Beachwear","ملابس بحر"
"Swimwear &amp; Beachwear","ملابس بحر"
"T-shirts &amp; Vests","تيشيرتات وكنزات"
"T-Shirts and Vests","تيشيرتات وكنزات"
"T-shirts &amp; Vests","تيشيرتات وكنزات"
"T-Shirts &amp; Vests","تيشيرتات وكنزات"
"Kvh_Simpleseo::T-shirts & Vests","تيشيرتات وكنزات"
"T - Shirts &amp; Vests","تيشيرتات وكنزات"
"T - shirts &amp; Vests","تيشيرتات وكنزات"
"T - shirts &amp; vests","تيشيرتات وكنزات"
"T - Shirts & Vests","تيشيرتات وكنزات"
"T - shirts & Vests","تيشيرتات وكنزات"
"T - shirts & vests","تيشيرتات وكنزات"
"Jackets & Coats","معاطف و جاكيتات"
"Jackets &amp; Coats","معاطف و جاكيتات"
"Shorts","شورتات"
"Cardigans & Sweaters","سترات خفيفة و بلوفرات"
"Cardigans &amp; Sweaters","سترات خفيفة و بلوفرات"
"Jumpsuits & Playsuits","افرولات "
"Jumpsuits &amp; Playsuits","افرولات "
"Jumpsuits","افرولات"
"Playsuits","افرولات"
"Jeans","جينز"
"Arabic","عربي"
"Slip Ons","احذية سهلة الارتداء"

"Lace Ups","احذية بأربطة"
"Shirts","تيشيرتات"
"Polo Shirts","تيشيرتات بولو"

"Nightwear","ملابس نوم"
"Pants & Chinos","بناطلين تشينو رجالية"
"Pants &amp; Chinos","بناطيل شينو"
"Chinos Pants","بناطلين تشينو"
"Wallets","محافظ"
"Hoodies & Sweatshirts","هوديات و سويت شيرتات"
"Hoodies &amp; Sweatshirts","هوديز و سويت شيرت"
"Swimwear","ملابس السباحة"
"Messenger Bags","حقائب مسنجر"
"Boys","للأولاد"
"Girls","للبنات"
"Need Help?","بحاجة الى مساعدة؟"
"CALL US 800 123 456","  اتصل بنا 456 123 800 "
"Shopping bag","حقيبة التسوق"
"Sell at LABELS","البيع على اي ليبلز"
"Composition & Care","تفاصيل و معلومات العناية بالمنتج"
"Composition & Care ","تفاصيل و معلومات العناية بالمنتج"
"Transaction Details","تفاصيل الصفقه"
"Error","خطأ"
"Admin Approval is required. Please wait until admin confirms your Seller Account","مطلوب موافقة المشرف . يرجى الانتظار حتى يؤكد المشرف حساب البائع الخاص بك"
"Okay","حسنا"
"Confirm","أكد"
"Notify me if back in stock"."أعلمني إذا ظهر في الأوراق المالية"
"Select size","حدد القياس"
"Please sign me up to Farfetch emails","يرجى الاشتراك لي بعيدا جدا جلب رسائل البريد الإلكتروني"
"Read our privacy and cookie policy","اقرأ الخصوصية والكوكيز السياسة"
"Size Unavailable?","القياس متوفر؟"
"Bring The Boom","كن مختلفاً"
"Flags","أعلام"
"I Represent","أنا أمثل"
"Ocean of Emotions","محيط العواطف"
"Gender","الجنس"
"Mustache","شارب"
"Glasses","نظارات"
"LIPS","الشفاه"
"Super Heroes","أبطال خارقون"
"City","المدينة"
"Celebrity Hush","أخبار المشاهير"
"Love","حب"
"Quotes","اقتباسات"
"COCO Skulls"," كوكو جماجم"
"Majnoon","مجنون"
"Trendy","شائع"
"Save Your Design","حفظ التصميم الخاص بك"
"Name Your Design","اسم التصميم الخاص بك"
"Note","ملاحظة"
"Enter your design name","أدخل اسم التصميم الخاص بك"
"Your comment notes","الملاحظات تعليقك"
"30 characters max","30 حرفا كحد أقصى"
"Save Design","حفظ التصميم"
"Save for later use","حفظ لاستخدامها لاحقا"
"reviews","استعراض"
"Ship to same address","السفينة إلى نفس العنوان"
"Ship To","عنوان التسليم"
"ADDRESS BOOK","دفتر عناوين"
"You are currently not subscribed to any newsletter.","انت حاليا غير مشترك في النشرة الاخبارية"
"Newsletters","المجلة الالكترونية"
"No, Thanks. I will do it later","لا شكرا. انا سوف اقوم بها لاحقا"
"Review your design and continue","مراجعة التصميم الخاص بك ومتابعة"
"Please login to save your design to your account page. Just press SAVE DESIGN button after logged in.","الرجاء تسجيل الدخول لحفظ التصميم الخاص بك إلى صفحة الحساب الخاص بك. فقط اضغط على زر حفظ التصميم بعد دخولك."
"Click here to login or Create an account","اضغط هنا للدخول أو إنشاء حساب"
"Click <a href=""%s"">here</a> to continue shopping.","انقر <a href=""%s"">هنا</a> لمتابعة التسوق."
"Click","انقر"
"here","هنا"
"to continue shopping.","لمتابعة التسوق."
"CALCULATE ARTWORK:","حساب عمل فني:"
" Load More Artwork","تحميل المزيد من العمل الفني"
" Upload Image","تحميل الصور"
" Shapes Plugin","الأشكال البرنامج المساعد"
" Custom Round Neck - Plain T-shirt","مخصص جولة الرقبة - عادي تي شيرت"
"ELEMENTS USED","العناصر المستخدمة"
"CUSTOMIZE IT","تخصيصه"
"Total Price","السعر الكلي"
"Add Graphic","إضافة الجرافيكي"
"Add Text","إضافة نص"
"Select Color","اختيار اللون"
" Download","تحميل"
"Download customized design","تحميل التصميم حسب الطلب"
"JOIN","انضم"
"Trackorder","المسار ترتيب"
"Blog","مدونة"
"From your My Account Dashboard you have the ability to view a snapshot of your recent account activity and update your account information. Select a link below to view or edit information.","من لوحة التحكم الخاصة بحسابك. ستكون لديك نبذة عامة عن آخر نشاطات حسابك. وسوف تقوم بتحديث معلوماتك الخاصة. اختر أي من الروابط في الأسفل لعرض أو تعديل التفاصيل والمعلومات الخاصة بك."
"Movie Posters","بوسترات الأفلام"
"Dubai Icon","أيقونة دبي"
"The Crazy Ones","ذا كريزي ونز"
"Women Clothing","ملابس النساء"
"Men Clothing","ملابس الرجال"
"Phone Covers","غطاء الهاتف"
"Corporate Orders","طلبات الشركات"
"Create","أنشئ"
"Just Because","فقط بسبب"
"That Feeling","الشعور"
"Coffee","قهوة"
"Music","موسيقى"
"Pug Line","الخط الصلصال"
"Family","العائلة"
"Scary","مخيف"
"Description","التفاصيل"
"SIZE GUIDE","جدول القياسات"
"Size Guide","جدول القياسات"
"Product Care","العناية بالمنتج"
"Size","القياس"
"Styles","الأساليب"
"SIZE","القياس"
"STYLES","الأسلوب"
"Quantity","الكمية"
"Creo's Celebrity Hush is a provocative insight on the secret life of celebrities. But you don't have to hush about it","ميزة أخبار المشاهير من CREO هي رؤية مثيرة على الحياة المشاهير . لكن ليس عليك أن تتكتم حولها"
"Add to Cart","أضف إلى حقيبة التسوق"
"ADD TO CART","أضف إلى حقيبة التسوق"
"Update Cart","تحديث العربة"
"update cart","تحديث العربة"
"There are no products matching the selection","لا توجد منتجات مطابقة مع الاختيارات."
"Your search returns no results.","أسفر بحثك عن أية نتائج."
"Shipping Information","معلومات الشحن"
"Shipping Info","معلومات الشحن"
"PRODUCT DESCRIPTION","مواصفات المنتج"
"UNIT PRICE","سعر الوحدة"
"QUANTITY","الكمية"
"2PAC Celebrity Hush","أخبار المعروف توباك (2PAC)"
"Edit Remove Item","تحرير أو إزال الموضوع"
"Edit","تحرير"
"edit","تحرير"
"Edit Address","تعديل العنوان"
"PRODUCT DETAILS","تفاصيل المنتج"
"Round","دائري"
"Tshirt Color","لون القميص"
"Green","أخضر"
"Grand Total","المجموع"
"Subtotal","المبلغ الإجمالي"
"Subtotal:","المبلغ الإجمالي"
"Subtotal","المبلغ الإجمالي"
"ORDER TOTAL WILL BE DISPLAYED BEFORE YOU SUBMIT THE ORDER","الطلب الكلي سيتم عرضها قبل أن تقديم الطلب"
"Proceed to secure checkout","تابع للدفع الآمن"
"CONTINUE SHOPPING","الإستمرار بالتسوق"
"Continue Shopping","الإستمرار بالتسوق"
"Please enter your promo code here","يرجى ادخال الكلمة السرية للخصم"
"Please provide promo code.","يرجى تقديم الرمز الترويجي."
"Coupon code","رمز القسيمة"
"is not valid.","غير صالح."
"SHOPPING CART","عربة التسوق"
"Shopping Cart","عربة التسوق"
"Proceed to Checkout","تابع للدفع"
"UPDATE SHOPPING BAG","تحديث حقيبة التسوق"
"update SHOPPING BAG","تحديث حقيبة التسوق"
"CLEAR CART","أفرغ عربة التسوق"
"CHECKOUT","الدفع"
"billing and shipping","الفوترة والشحن"
"First Name","الاسم"
"Last Name","اسم العائلة"
"Continue","تابع"
"Email:","البريد الإلكتروني:"
"Email Address","البريد الإلكتروني"
"Email Adress is a required field."," البريد الإلكتروني هو حقل مطلوب"
"© 2015 All rights reserved.","© 2015 جميع الحقوق محفوظة."
"Password is a required field.","كلمة السر هو حقل مطلوب."
"Telephone","الهاتف"
"Address","العنوان"
"Address 2","العنوان الثاني"
"CITY","المدينة"
"Country","الدولة"
"Shipping Method","طريقة الشحن"
"Select Shipping Method","اختر طريقة الشحن"
"Express shipping"ا,"لشحن السريع"
"payment","الدفع"
"please select a payment method","يرجى اختيار طريقة الدفع"
"Credit Card","الدفع بواسطة بطاقة الائتمان"
"Credit Card Type","نوع البطاقة الائتمانية"
"Name on Card","الاسم الظاهر على البطاقة"
"Credit Card Number","رقم البطاقة الائتمانية"
"Verification Number","رقم التأكيد"
"Expiration Date","تاريخ الانتهاء"
"month","الشهر"
"year","السنة"
"Issue Number","رقم الإصدار"
"Start Date","تاريخ البداية"
"Cash On Delivery","الدفع نقداً عند الاستلام"
"Cash on delivery","الدفع نقداً عند الاستلام"
"Cash On Delivery ","الدفع نقداً عند الاستلام"
"Cash on delivery ","الدفع نقداً عند الاستلام"
"Promo Code","قسيمة الخصم"
"APPLY PROMO CODE","تطبيق الكلمة السرية للخصم "
"Place Order","تقديم الطلبات"
"Please make sure to select tshirt color","يرجى التأكد من اختيار لون القميص"
"has been added to your shopping cart.","تم إضافته الى عربة التسوق الخاصة بك"
"Please make sure to select size","يرجى التأكد من تحديدالقياس"
"SUCCESS","نجاح"
"success","نجاح"
"Success","نجاح"
" Success","نجاح"
" Success ","نجاح"
"Success ","نجاح"
"Error ","خطأ"
" Error ","خطأ"
" Error","خطأ"
"error","خطأ"
"Account Dashboard","لوحة التحكم الرئيسية"
"View Cart","عرض السلة"
"Please enter only one character to box 2","الرجاء إدخال حرف واحد فقط إلى المربع 2"
"Please enter text to box 2","يرجى إدخال نص إلى مربع 2"
"Please enter only one character to box 1","الرجاء إدخال حرف واحد فقط لأجهزة إكس بوكس 1"
"Please enter text to box 1","يرجى إدخال نص إلى مربع 1"
"Please select a cap font color","الرجاء اختيار لون الغطاء الخط"
"Please select font style","الرجاء تحديد نمط الخط"
"Please select cap theme","يرجى تحديد موضوع كاب"
"Please make sure to select case color","يرجى التأكد من اختيار لون حالة"
"Please make sure to select phone model","يرجى التأكد من تحديد طراز الهاتف"
"Please make sure to select print color","يرجى التأكد من اختيار اللون طباعة"
"Please make sure to select polo color","يرجى التأكد من اختيار اللون لعبة البولو"
"%s was added to your shopping cart.","%s تم إضافتها إلى سلة التسوق الخاصة بك."
"%s was updated in your shopping cart.","%s تم تحديث في عربة التسوق الخاصة بك."
"%s has been added to your shopping cart.","%s قد أضيفت إلى سلة التسوق الخاصة بك."
"Alert!","تنبيه!"
"Please make sure to select style","يرجى التأكد من اختيار النمط"
"Your order has been received.","تم استلام طلبك"
"Thank you for your purchase!","شكراً لشرائك!"
"Your order # is","رقم طلبك هو"
"You will receive an order confirmation email with details of your order and a link to track its progress.","ستتلقى بريد إلكتروني بتفاصيل الطلب، يحتوي على رابط لتتبع مسار الطلب"
"You have no items in your shopping cart.","ليس لديك أية سلع في حقيبة التسوق"
"Already registered?","مسجل بالفعل؟"
"If you have an account with us, please log in.","إذا كنت تمتلك حساباً لدينا يرجى الدخول عن طريقه"
"Please login with your email address and password","يرجى الدخول بادخال البريد الإلكتروني و كلمة السر"
"Password","كلمة السر"
"Remember My Password","تذكر كلمة السر الخاصة بي"
"forgotpassword","هل نسيت كلمة السر؟"
"Forgot password?","هل نسيت كلمة السر؟"
"Forgot Password","هل نسيت كلمة السر"
"Create account","إصنع حساب"
"Create Account","إصنع حساب"
"FORGOT YOUR PASSWORD?","هل نسيت كلمة السر؟"
"Forgot Your Password?","هل نسيت كلمة السر؟"
"Forgot Your Password","هل نسيت كلمة السر؟"
"Customized Products","المنتجات حسب الطلب"
"Sign up with Facebook","سجل الدخول باستخدام حساب فيسبول"
"submit","تقديم"
"SUBMIT","تقديم"
"Submit","تقديم"
"NEW CUSTOMERS","عملاء جدد"
"Confirm Password","أكد كلمة السر"
"Sign Up for Newsletter","اشترك بالنشرات الاخبارية"
"Shopping Cart is Empty","عربة التسوق فارغة"
"Click here to continue shopping.","انقر هنا للاستمرار في التسوق"
"Track Your Order","تتبع طلبك"
"Order Number","رقم الطلب"
"Track your shipments","تتبع شحنتك"
"Tracking number","رقم التتبع"
"Your Message","رسالتك"
"See subject of Order Confirmation ? Type none if you don?t have an Order","انظر إلى عنوان تأكيد الطلب، اكتب لا يوجد إذا لم يكن لديك طلب"
"Please fill out all mandatory fields marked with","يرجى تعبئة جميع الحقول الإلزامية المعلمة بالرمز"
"send","أرسل"
"Send Email","أرسل بريدا إلكترونياً"
"call","اتصل"
"Loading...","...جار التحميل"
"subscribe to our newsletter","إشتركوا في نشرتنا الاخبارية"
"To keep up to date with the latest arrivals, exclusive launches and fashion inspiration direct to your inbox.","لتصلك كل مستجداتنا وعروضنا الحصرية على بريدك الإلكتروني"
"And get 15% off your first purchase! Also, be the first to know about the latest arrivals, exclusive offers and all that's trending this season.","واحصل على خصم 15% على أول عملية شراء! وكونوا أوّل من يعرف عن أحدث المنتجات والعروض الحصرية وآخر صيحات الموضة لهذا الموسم."
"&copy; 2016 Elabelz All Rights Reserved.","اي ليبلز 2016 - جميع الحقوق محفوظة"
"Man","رجل"
"Woman","امراة"
"we are dedicated to our customers","نحن مهتمون برعاية زبائننا على مدار الساعة"
"Call us 800 123 456 . talktous@labelz.com.","talktous@labelz.com. اتصل بنا: 800 123 456"
"Manufacturer","الشركة المصنعة"
"Top Picks","سلع شائعة"
"BAGS","شنط"
"Flat Shoes","احذية فلات"
"Sandals","صنادل"
"Wedge Sandals","صنادل روكي"
"Pumps","احذية كلاسيكية"
"Sneakers","احذية سنيكرس"
"Sports Shoes","احذية رياضية"
"Boots","ابوات"
"Flip Flops","شباشب فليب فلوب"
"Comfort Shoes","احذية مريحة"
"View Dashboard","عرض لوحة القيادة"
"Dresses","فساتين"
"Shoes","احذية"
"SHOES","احذية"
"Sort by","التصنيف حسب"
"Items found","تم العثور على"
"Items","العناصر"
"in this category","في هذه الفئة"
"Biggest Saving","الأكثر توفيراً"
"Top Rated","أعلى التقييمات"
"Reviews Count","استعراض عد"
"Now in Wishlists","الآن في قائمة الامنيات"
"Profit","ربح"
"Revenue per View","العائد لكل رأي"
"Order per View","ترتيب حسب العرض"
"To","إلى"
"Clear","إزالة"
"Color","اللون"
"color","اللون"
"COLOR","اللون"
"Amber","كهرمان"
"Aloe","صبر"
"Antelop","ظبي"
"Asphalt","أسفلت"
"Aqua","أكوا"
"Aqwa","أكوا"
"Aquamarine","زبرجد"
"Aubergine","باذنجاني"
"Black-Blue","الأسود الأزرق"
"Black-Cockatoo","الأسود الببغاء"
"Black-Gold","الذهب الأسود"
"Black-Green","أسود أخضر"
"Black-Grey","أسود رمادي"
"BLACK-GREY","أسود رمادي"
"Black-Gum","الأسود اللثة"
"Black-Off White","أسود أوف وايت"
"Black-OffWhite","أسود أوف وايت"
"BLACK-PINK","أسود - وردي"
"Black-Pink","أسود - وردي"
"BLACK-PURPPLE","أسود - بنفسجي"
"Black-Red","أسود أحمر"
"Black-Silver","أسود - فضي"
"Black-White","أسود أبيض"
"Black-Straw","الأسود سترو"
"BLACK-WHITE","أسود أبيض"
"BlackGray","أسود رمادي"
"Blackgrey","أسود رمادي"
"BlackWhite","أسود أبيض"
"BlackYellow","الأسود والأصفر"
"Blue-Black","الأزرق الأسود"
"Blue-Denim","الأزرق الدينيم"
"Blue-Green","أزرق أخضر"
"Blue-Grey","رمادي مزرق"
"Blue-Purple","الأزرق الأرجواني"
"Blue-Silver","الزرقاء والفضية"
"Blue-Tropical","بلو الاستوائية"
"BlueGreen","أزرق أخضر"
"BlueGrey","رمادي مزرق"
"Bluegrey","رمادي مزرق"
"Bordo","بوردو"
"Bronze","برونز"
"Brown","بنى"
"Brown-Silver","بني - فضي"
"Browns","بني"
"BrownSilver","بني - فضي"
"Camel","جمل"
"Cement","أسمنت"
"Caramel","الكرمل"
"Castor","بني زيتي"
"CHARCOAL","لون الفحم"
"CHARCOAL-black","لون الفحم - أسود"
"CHARCOAL-GREY","لون الفحم - رمادي"
"CHARCOAL-TURQUE","لون الفحم - تركواز"
"Chocolate","شوكولاتة"
"Cigar","سيجار"
"Coffee","قهوة"
"Cognac","عسلي"
"Conha","بلانسار"
"Copper","نحاس"
"Coral","مرجان"
"CrystalRose","كريستال روز"
"Dark-Blue","ازرق غامق"
"Dark-Brown","بني غامق"
"Dark-Green","اخضر غامق"
"Dark-Grey","الرمادي الداكن"
"Dark-Shadow","ظل اسود"
"Dark-Yellow","اصفر غامق"
"DarkBlue","زرق غامق"
"DarkBrown","بني غامق"
"DarkGreen","اخضر غامق"
"DarkGrey","الرمادي الداكن"
"Darkkhaki-White","الظلام كاكي وايت"
"DarkYellow","اصفر غامق"
"Denim","أزرق"
"Dove","دوف"
"Dove-Cigar","دوف-سيجار"
"Eggplant","الباذنجان"
"Flamingo-Road","فلامنجو-رود"
"Fuchsia","فوشيا"
"Fucia","فوشيا"
"Fuschia","فوشيا"
"Fushia","فوشيا"
"Green-Black","الأخضر الأسود"
"GreenBlack","الأخضر الأسود"
"Grey-Crystal","رمادي - كريستال"
"Grey-Green","الأخضر الرمادي"
"Grey-Navy","رمادي في سلاح البحرية"
"Grey-Red","رمادي الأحمر"
"Grey-Silver","رمادي فضي"
"Grey-White","رمادي - أبيض"
"Gunmetal-Black","رصاصي-أسود"
"Havana","هافانا"
"Ice-Blue","الجليد الأزرق"
"Ice-Silver","كريم الفضة"
"Iceblue","الجليد الأزرق"
"Ivory","عاج"
"Jeans","جينز"
"Jeans-Silver","الجينز الفضة"
"Khaki","خاكي"
"Light-Black","الضوء الأسود "
"Light-Blue","الضوء الأزرق"
"Light-Brown","البني الفاتح"
"Light-Green","اخضر فاتح"
"Light-Grey","رمادي فاتح"
"Light-Pink","وردي فاتح"
"Light.black","الضوء الأسود "
"Lightblack","الضوء الأزرق"
"LightBlue","الضوء الأزرق"
"LightBrown","البني الفاتح"
"Lightbrown","البني الفاتح"
"LightGreen","اخضر فاتح"
"LightGrey","رمادي فاتح"
"LightPink","وردي فاتح"
"LightYellow","أصفر فاتح"
"Lime","كلس"
"Lilac","أرجواني"
"Maroon","كستنائي"
"Mahogony","موهوجوني"
"Magenta","أرجواني"
"Marble","رخام"
"Marine","بحري"
"Marine-Blue","البحرية الأزرق"
"Marvilha","مارفيلا"
"Mint","نعناع"
"Military","عسكر"
"Mohogany","موهوجوني"
"Moss","طحلب"
"Multi","متعدد"
"Mustard","مسطردة"
"Natural","طبيعي"
"NAVY-AQUA","أزرق داكن-أكوا"
"Navy-Chambary","البحرية -شمبري"
"Navy-Chambray","البحرية -شمبري"
"Navy-Cigar","البحرية - السيجار"
"Navy-Denim","البحرية ، الدينيم"
"NAVY-GREY","أزرق داكن- رمادي"
"NAVY-LIGTHBLUE","أزرق داكن- أزرق خفيف"
"Navy-Multi","البحرية المتعددة"
"NAVY-RED","أزرق داكن-أحمر"
"NAVY-WHITE","أزرق داكن-أبيض"
"Navy-White","أزرق داكن-أبيض"
"NavyBlue","البحريه الزرقاء"
"Nude","ناقص"
"Off-White","من البيض"
"OffWhite","من البيض"
"Olive","زيتون"
"Orange-Rubber","أورانج المطاط"
"Ostar","أوستار"
"Ostra","أوسترا"
"Pele","بيليه"
"Peacoat","البازلاء معطف"
"Pink-Red","الوردي الأحمر"
"Pink-Silver","الوردي الفضة"
"Pink-White","الوردي وايت"
"Preto","بريتو"
"Peach","خوخ"
"Pumpkin","اليقطين"
"Red-Black","الأحمر الأسود"
"RED-BLUE","أحمر أزرق"
"Red-Gum","الأحمر الصمغ"
"Rose","ارتفع"
"RoseGold","وارتفع الذهب"
"Royal-White","الملكي وايت"
"Royal-Blue","الملكي الأزرق"
"Sage","حكيم"
"Silver-Pink","الفضة الوردي"
"Silver-White","فضي فاتح"
"Silver-Pink","الفضة الوردي"
"SilverPink","الفضة الوردي"
"Silver.Pink","الفضة الوردي"
"Smoked-Blue","المدخن الأزرق"
"Snake-Print","ثعبان إلى صديق طباعة"
"Sky-Blue","السماء الزرقاء"
"Tan","أسمر"
"Taupe","رمادي داكن"
"Tiger-Print","نمر إلى صديق طباعة"
"Turqois","تركواز"
"Turqoise","تركواز"
"Turquoise","تركواز"
"Turquoise-Green","الفيروز والخضر"
"TuttiFrutti","توتي فروتي"
"Violet","البنفسجي"
"Whisky","ويسكي"
"White-Balck","أبيض أسود"
"White-Pink","الأبيض و الوردي"
"White-Silver","بيضاء فضية"
"Wine","خمر"
"Yellow-Green","الأخضر الأصفر"
"Animalprint","طباعة الحيوان"
"Beige","اللون البيج"
"Black","أسود"
"Blue","أزرق"
"Blue-Green","أزرق-أخضر"
"Bronze","برونز"
"Browns","أسمر"
"Burgundy","عنابي اللون"
"Clear","واضح"
"Gold","ذهب"
"Light Pink","وردي فاتح"
"Dark borwn","بني غامق"
"Green","أخضر"
"Sand","رمل"
"Grey","لون رمادي"
"Leopard","فهد"
"Monochrome","أحادية اللون"
"Multicolor","متعدد الألوان"
"Navy","القوات البحرية"
"Neon","نيون"
"Neutrals","المحايد"
"Orange","البرتقالي"
"Pink","وردي"
"Prints","مطبوعات"
"Purple","أرجواني"
"Red","أحمر"
"Silver","فضي"
"Snakeskin","جلد الثعبان"
"White","أبيض"
"Yellow","أصفر"
"Accessories","اكسسوارات"
"Jewellery","حلي و اكسسوارات"
"Sunglasses","نظارات شمسية"
"Watches","ساعات"
"Scarves","الاوشحة"
"Belts","احزمة"
"Headwear","كابات وقبعات"
"Bags","شنط"
"Handbags","شنط يد"
"Sports Bags","شنط رياضية"
"Dresses","فساتين"
"Casual Dresses","فساتين كاجوال"
"Party Dresses","فساتين حفلات"
"Maxi Dresses","فساتين طويلة"
"Formal Dresses","فساتين سهرة"
"Evening Dresses","فساتين رسمية"
"Tops","بلايز"
"Shirts & Bouses","قمصان و بلايز	"
"Long Sleeve Tops","بلايز باكمام طويلة"
"Sleeveless Tops","بلايز بدون اكمام"
"Short Sleeve Tops","بلايز باكمام قصيرة"
"Body & Cropped","بلايز بدي قصيرة"
"Body &amp; Cropped","بلايز بدي قصيرة"
"Tunics","تونيكات"
"Sportswear","ملابس رياضية"
"T-Shirts","تيشيرتات"
"Bottoms","بناطلين تدريب"
"Hoodie & Sweatshirts","هوديات و سويت شيرتات"
"Sets","أطقم تنانير"
"Sports Bras","صدريات رياضية"
"Jackets","جاكيتات"
"Pants","بناطلين"
"Sweatpants","بنطال رياضة"
"Leggingns","ليقنز	"
"Sets","أطقم تنانير"
"Dresses","فساتين"
"Abayas","عبايا"
"Abaya","عبايا"
"Kaftans","قفاطين"
"Jalabiyas","جلابيات"
"Midi Skirts","تنانير ميدي"
"Maxi Skirts","تنانير طويلة"
"Mini Skirts","تنانير قصيرة"
"Sets","أطقم تنانير"
"Bikinis","يكيني"
"Beachwear","ملابس بحر"
"One Piece","مايوهات"
"Burqinis","ملابس سباحة للمحجبات"
"Short Sleeve T-Shirt","تيشرتات باكمام قصيرة"
"Vests","تيشرتات كت	"
"Long Sleeve T-Shirt","تيشرتات باكمام طويلة"
"Jackets","جاكيتات"
"Blazers","جاكيتات رسمية"
"Coats","معاطف"
"Mini","شورتات قصيرة"
"knee length","شورتات للركبة"
"Cardigans","سترات كارديغان"
"Sweaters","كنزات"
"Skinny Jeans","جينز سكيني"
"Straight Jeans","جينز بقصة مستقيمة"
"long boots","ابوات طويلة"
"Short boots","ابوات قصيرة"
"Backpacks","شنط ظهر"
"Shoppers / Totes","شنط كبيرة"
"Duffel Bags","شنط دفل للجيم"
"Small Leather Goods","محافظ نقود معدنية"
"Messenger Bags","حقائب مسنجر"
"Nightwear","ملابس نوم"
"Boots","ابوات"
"Satchels","شنط ساتشيل"
"Low Top Sneakers","احذية سنيكرز بكاحل قصير"
"High Top Sneakers","احذية سنيكرز بكاحل طويل"
"Trainers","احذية تدريب"
"Football Shoes","احذية كرة قدم"
"Basketball","احذية كرة سلة"
"Casual Fromal","احذية كاشوال"
"Formal Shoes","احذية رسمية"
"T-Shirts","تيشيرتات"
"Sports T-Shirts","تيشرتات رياضية"
"Tank Tops","تيشيرتات كت"
"Pants & Chinos","بناطلين تشينو رجالية"
"Slim Fit","جينز بقصة ضيقة"
"Sold By","البيع من قبل"
"Sold by","البيع من قبل"
"Size Unavailable?","القياس متوفر?"
"Composition & Care","تفاصيل و معلومات العناية بالمنتج"
"Women Clothing","النساء الملابس"
"Kids","الاطفال"
"Sun &amp; Sand","سن & سند"
"SUN &amp; SAND","سن & سند"
"Sun & Sand","سن & سند"
"SUN & SAND","سن & سند"
"361-degrees","361 دغريز"
"361 degrees","361 دغريز"
"361 Degrees","361 دغريز"
"SUN &amp; SAND - 361 degrees","سن & سند,361 دجريس"
"kids","الاطفال"
"Trousers","بنطال"
"Inches","بوصة"
"CM","سنتيمتر"
"Hips","الوركين"
"Waist","وسط"
"Bust","تمثال نصفي"
"Chest","صدر"
"Age","عمر"
"inches","بوصة"
"Babies","أطفال"
"Children","الأطفال"
"Teen Boys","بنين في سن المراهقة"
"Teen Girls","بنات في سن المراهقة"
"Tiny Baby","طفل صغير"
"Newborn","مولود جديد"
"Infant","رضيع"
"Toddler","طفل صغير"
"Junior","مبتدئ"
"Notify me if back in stock","أعلمني إذا ظهر في الأوراق المالية"
"Please enter a vaild email address","يرجى إدخال عنوان بريد إلكتروني صالح"
"Select size","حدد القياس"
"Italy","إيطاليا"
"Please sign me up to Farfetch emails","يرجى الاشتراك لي لجلب رسائل البريد الإلكتروني الأقصى"
"Read our privacy and cookie policy","اقرأ الخصوصية و الكوكيز السياسة"
"here","هنا"
"Filter","فلتر"
"Need Assistance?","تحتاج الى مساعدة ؟"
"Email Us","مراسلتنا عبر البريد الإلكتروني"
"Street Address 2","عنوان الشارع 2"
"Street Address %s","عنوان الشارع %s"
"Shopping","التسوق"
"Cart","العربة"
"Firstname","الاسم"
"Lastname","اسم العائلة"
"Firstname*","الاسم"
"Lastname*","اسم العائلة"
"Invalid login or password.","تسجيل الدخول غير صالح أو كلمة السر ."
"Please enter the email address to send a new password to your mail","يرجى إدخال عنوان البريد الإلكتروني لإرسال كلمة سر جديدة إلى بريدك"
"We have now sent you a new password to your email address. Click the link below to return to login.","لقد أرسلت الآن لك كلمة سر جديدة إلى عنوان البريد الإلكتروني الخاص بك . انقر على الرابط أدناه للعودة للدخول ."
"Send password","إرسال  كلمة السر"
"Return to login","العودة إلى الدخول"
"Invalid email address","عنوان البريد الإلكتروني غير صالح"
"Invalid email address.","عنوان البريد الإلكتروني غير صالح"
"Already Registered? Click here to Login","مسجل بالفعل ؟ انقر هنا لتسجيل الدخول"
"Forgot an Item? Edit Your Cart","نسيت عنصر ؟ تعديل عربة التسوق"
"Postal Code/Zip","عنوان البريد / الرمز البريدي"
"Male","ذكر"
"Female","أنثى"
"Ship to same Address","السفينة إلى نفس العنوان"
"Credit Card (saved)","الدفع بواسطة بطاقة الائتمان ( حفظ )"
"(Flat Rate - Fixed)","معدل مسطح - ثابت"
"Flat Rate - Fixed","معدل مسطح - ثابت"
"Coupon code:","رمز القسيمة :"
"Your order # is:","رقم الطلب الخاص بك هو: "
"Your recurring payment profiles:",": المتكررة لمحات الدفع الخاص بك"
"Click <a href="%s">here</a> to continue shopping.","انقر هنا لمتابعة التسوق"
" is Empty","فارغ"
"Click","انقر"
"to continue shopping","استمر بالتسوق"
" here "," هنا "
"Seller Dashboard","البائع لوحة"
"Seller Dashboard","قائمة البائع"
"My Profile","ملفي الشخصي"
"Contact Admin","الاتصال الادارية"
"Financials and Withdrawal","المالية و سحب"
"My Purchases","مشترياتي"
"Billing Agreements","اتفاقيات الفواتير"
"Recurring Profiles","الملامح المتكررة"
"There are no recurring profiles yet.","لا توجد ملامح المتكررة حتى الان."
"Order #","طلب #"
"Date","تاريخ"
"Ship To","عنوان التسليم"
"Order Total","سعر الطلب"
"Order Status","حالة الطلب"
"Back to Recurring Profiles","العودة إلى الملامح المتكررة"
"Action","عمل"
"View Order","عرض ترتيب"
"Reorder","إعادة الطلب"
"You don\'t have any purchase.","لم يكن لديك أي عملية شراء ."
"My Product Reviews","بلدي مراجعات المنتج"
"The account information has been saved.","تم حفظ معلومات الحساب."
"Newsletter Subscriptions","الاشتراك في النشرة الاخبارية"
"Thank you for your subscription.","شكرا ل اشتراكك ."
"Thanks for subscribing!","شكرًا على اشتراككم!"
"We've just sent your discount code to your email.","أرسلنا رمز الخصم إلى بريدك الإلكتروني."
"P.S. Don't forget to check your spam folder and mark the email as 'Not Spam' ","ملاحظة: لا تنسَ أن تتحقق من صندوق البريد الإلكتروني غير المرغوب فيه وتزيل علامة ""غير مرغوب"" "
"And get 15% off your first purchase!","واحصل على خصم %15 على أول عملية شراء!"
"Go to Bag","الذهاب إلى حقيبة التسوق"
"welcome","أهلا بك"
"Welcome","أهلا بك"
"My Messages","رسائلي"
"My Messages","رسائلي"
"Seller Reviews","مراجعات البائع"
"Seller Account","حساب البائع"
"Become a Seller","ابدأ البيع"
"Change Password","تغيير كلمةالسر"
"Turn in to a seller today and enjoy some incredible benefits like adding logo to your profile page for better branding, setting up multiple products to improve conversions, etc.","بدوره الى بائع اليوم والتمتع ببعض المزايا لا يصدق مثل إضافة شعار إلى صفحة ملفك الشخصي عن العلامات التجارية أفضل ، ووضع منتجات متعددة لتحسين التحويلات، الخ"
"Click the button to become a Seller","انقر فوق الزر ل تصبح البائع"
"I agree the","وأنا أتفق"
"I agree the Terms and Condition","أوافق على شروط والحالة"
"You have not review any seller","هل لا مراجعة أي البائع"
"There are no billing agreements yet.","لا توجد اتفاقيات الفوترة حتى الآن ."
"You don't have any purchase.","لديك متأكدا أي عملية شراء ."
"Today's Sales","مبيعات اليوم"
"Today's Orders","أوامر اليوم"
"Your Income","دخلك"
"Last Week","الاسبوع الماضى"
"last Month","الشهر الماضي"
"Last Month","الشهر الماضي"
"last Year","العام الماضي"
"Last Year","العام الماضي"
"Completed","منجز"
"Onhold","في الانتظار"
"Today","اليوم"
"Sales","تخفيضات"
"Last Five Orders","مشاركة خمسة أوامر"
"Order Id","رقم التعريف الخاص بالطلب"
"There is no orders to view","لا يوجد أي أوامر لعرض"
"Most Viewed Products","المنتجات الأكثر مشاهدة"
"No of Views","عدد المشاهدات"
"Total Amount Received","إجمالي المبلغ المستلم"
"Amount Pending","كمية قيد الانتظار"
"Action","عمل"
"Select an option","حدد اختيارا"
"Sold out","بيعت كلها"
"Add New Product","إضافة منتج جديد"
"Rejected","مرفوض"
"Pending review","في انتظار المراجعة"
"Published","نشرت"
"Id","رقم سري"
"Select a status","حدد حالة"
"Unpublished","غير منشورة"
"You have no product.","لا يوجد لديك المنتج ."
"Bulk Product Upload","السائبة تحميل المنتج"
"Upload CSV File","تحميل مفصولة بفواصل ملف القيم"
"Choose File","اختر ملف"
"No File Selected","لم يتم تحديد أي ملف"
"Upload Image File","تحميل ملف الصورة"
"Upload .zip format","تحميل الرمز البريدي شكل"
"Upload","تحميل"
"Click and refer the list of attributes for Importing the Configurable Product","انقر و تشير قائمة السمات لل استيراد المنتج شكلي"
"Single Product","واحد المنتج"
"Product with Options/Variations","المنتج مع خيارات / صيغ"
"Product Details","تفاصيل المنتج"
"Highlight","تسليط الضوء"
"Add Another","أضف آخر"
"Short Description","وصف قصير"
"Weight","وزن"
"SKU Available","الاسهم حفظ وحدة المتاحة"
"SKU Not Available","وحدة الاحتفاظ المخزون غير متوفر"
"Select Size","حدد القياس"
"Select","اختار"
"Prices","أسعار"
"Price","السعر"
"Special Price","سعر خاص"
"Special Price From Date","سعر خاص من التسجيل"
"Special Price To Date","سعر خاص لل تاريخ"
"Select Default Country","اختر البلد الافتراضي"
"Select Shipping Delivery Terms","حدد الشحن شروط التسليم"
"Free delivery on next working day","التوصيل المجاني في يوم العمل التالي"
"Free delivery next three working days","التوصيل المجاني بجانب ثلاثة أيام عمل"
"Free delivery next five working days","التوصيل المجاني بجانب خمسة أيام عمل"
"Add Image","إضافة صورة"
"File Path","مسار الملف"
"Set As Base Image","إضافة إلى صورة قاعدة"
"Set As Thumb Image","تعيين و الإبهام صورة"
"Set As Small Image","تعيين و الصورة الصغيرة"
"Save Product","حفظ المنتج"
"Select Configurable Attributes","تحديد سمات شكلي"
"color","اللون"
"size","القياس"
"SIZE","القياس"
"Size","القياس"
"White-OS","الأبيض السراج"
"ANALOGUE WATCH","التناظرية ووتش"
"Analogue Watch","التناظرية ووتش"
"Orders","أوامر"
"SHIP TO","عنوان التسليم"
"ORDER TOTAL","سعر الطلب"
"STATUS","الحالة"
"ACTION","عمل"
"Order Id #","طلب الرقم التسلسلي #"
"Print Invoice","فاتورة طباعة"
"Print Shipment","طباعة شحن"
"Customer Information","معلومات العملاء"
"First name:","الاسم:"
"Last name:","اسم العائلة:"
"Customer Shipping Address","شحن العملاء عنوان"
"Shipping Address Not Applicable","عنوان الشحن غير قابل للتطبيق"
"Shipping Method Not Applicable","طريقة الشحن غير قابل للتطبيق"
"Customer Billing Address","عنوان الفواتير العملاء"
"Shipping type: ","نوع الشحن :"
"Payment method: ","طريقة الدفع او السداد:"
"Payment Method","طريقة الدفع او السداد"
"Confirm","أكد"
"Confirmed","مؤكد"
"Order Date:","تاريخ الطلب:"
"Back to Orders","العودة إلى أوامر"
"Are you sure want to send refund request?","هل تريد التأكد من إرسال طلب الاسترداد ؟"
"Refund Request","طلب ارجاع"
"Are you sure want to cancel?","هل أنت متأكد تريد إلغاء ؟"
"Are you sure want to fully cancel this order?","هل أنت متأكد تريد إلغاء تماما هذا النظام؟"
"The invoice has been created.","تم إنشاء الفاتورة ."
"You do not have permission to access this page","ليس لديك الصلاحية لدخول هذه الصفحة"
"The item has been cancelled.","تم إلغاء هذا البند ."
"Order has been cancelled","تم إلغاء النظام"
"Success","نجاح"
"Okay","حسنا"
"Okay ","حسنا"
" Okay","حسنا"
" Okay ","حسنا"
"okay","حسنا"
"okay ","حسنا"
" okay","حسنا"
" okay ","حسنا"
"cancel","إلغاء"
"cancel ","إلغاء"
" cancel","إلغاء"
" cancel ","إلغاء"
"Cancel","إلغاء"
"Cancel ","إلغاء"
" Cancel","إلغاء"
" Cancel ","إلغاء"
"Contact Number","رقم الاتصال"
"About your shop","حول متجرك"
"Suplier Address","المورد عنوان"
"Store Banner","متجر راية"
"Store Logo","متجر شعار"
"Please enter your email address below. You will receive a link to reset your password.","يرجى إدخال عنوان البريد الالكتروني أدناه . سوف تتلقى وصلة ل إعادة تعيين كلمة السر الخاصة بك ."
"Upload image size 150 X 110","150 X 110 تحميل حجم الصورة "
"Upload image size 1100 X 234","1100 X 234 تحميل حجم الصورة "
"Remove","إزالة"
"Process Payment via Bank/Paypal Account","عملية الدفع عن طريق الحساب المصرفي / باي بال"
"Bank Payment","البنك الدفع"
"[Please enter your Account number, Bank Name with Branch and other details]","[ الرجاء إدخال رقم الحساب الخاص بك، اسم البنك مع فرع وغيرها من التفاصيل ]"
"اسم صاحب الحساب","اسم صاحب الحساب"
"Account Holder Name","اسم صاحب الحساب"
"Account Number","رقم حساب"
"Account number","رقم حساب"
"Bank Name","اسم البنك"
"Branch Code","رمز الفرع"
"Nationality","جنسية"
"IBAN","رقم الحساب المصرفي الدولي"
"Save Profile","احفظ الملف"
"* Required Fields","* الحقول المطلوبة"
"-- Please Select --","-- اختر من فضلك --"
"Please enter a valid phone number. For example (123) 456-7890 or 123-456-7890 or 123456789.","يرجى إدخال رقم هاتف صالح. على سبيل المثال (123) 456-7890 أو 123-456-7890 أو 123456789"
"Payout Request","دفع تعويضات طلب"
"Request Amount","طلب المبلغ"
"Place Request","تقديم الطلب"
"Payout Request History","دفع تعويضات طلب التاريخ"
"Total Lifetime Amount Received","إجمالي المبلغ المستلم مدى الحياة"
"Approved by Admin","التي وافقت عليها بمسؤول"
"Waiting for Admin Approval","تنتظر الموافقة الادارية"
"Withdrawable Amount","المبلغ للسحب"
"Requested Amount","المبلغ المطلوب"
"Requested amount","المبلغ المطلوب"
"Requested on","طلب على"
"Comments from Admin","تعليقات من المسؤول"
"Payment Received","تلقى الدفع"
"No Requests to Show","لا تطلب ل عرض"
"Acknowledged on","اعترف على"
"Acknowledge","اعترف"
"You must have a Seller Account to access this page","يجب أن يكون لديك حساب البائع للوصول إلى هذه الصفحة"
"You cannot modify someone else's data.","لا يمكنك تعديل بيانات شخص آخر ."
"Amount below 50 cannot be requested.","لا يمكن طلب كمية أقل من 50 ."
"Request placed.","وضع الطلب."
"Updated on","تحديث في"
"Simple","بسيط"
"Configurable","شكلي"
"Add More Fields","إضافة المزيد من الحقول"
"Select Shipping","حدد شحن"
"Free","حر"
"Free Shipping - Free","حر - الشحن مجانا"
"(Free Shipping - Free)","حر - الشحن مجانا"
"Shipping Cost","تكلفة الشحن"
"Product Name","اسم المنتج"
"Qty","الكمية"
"Price","السعر"
"Amount","كمية"
"Status","الحالة"
"Please select...",""
"You have successfully subscribe","لقد الاشتراك بنجاح"
"Thanks for subscribing and are welcome to continue shopping","نشكرك على الاشتراك ، كما أنهم مدعوون لمتابعة التسوق"
"Have you checked out this offer?","هل تحققت من هذا العرض؟"
"Subscribe Scusssfully","الاشتراك بنجاح"
"Contact Preferences","تفضيلات الاتصال"
"Location (Shipping Address)","موقع ( عنوان الشحن )"
"Query Type","نوع الاستعلام"
"Upload File (optional)(Recommanded)","تحميل الملف ( اختياري ) (موصى به )"
"Please ensure that your email address is correct so that we can respond to your enquiry","يرجى التأكد من عنوان البريد الإلكتروني الخاص بك هو الصحيح حتى نتمكن من الرد على استفسارك"
"up to","حتى"
"off","إيقاف"
"shop now","تسوقوا الآن"
"SHOP NOW","تسوقوا الآن"
"You are now ","انت الآن"
"logged out","تسجيل الخروج"
"NEW ARRIVALS","وصلنا حديثاً"
"New Arrivals","وصلنا حديثاً"
"new arrivals","وصلنا حديثاً"
"You have logged out and will be redirected to our homepage in 5 seconds.","قمت بتسجيل الخروج و سيتم توجيهك إلى الصفحة الرئيسية لدينا في 5 ثواني ."
"Create new account","إنشاء حساب جديد"
"Back","الى الخلف"
"Elabelz All Rights Reserved.","إي ليبلز جميع الحقوق محفوظة."
"Elabelz","إي ليبلز"
"&copy; 2016 Elabelz All Rights Reserved.","&copy; 2016 Z Labelz . كل الحقوق محفوظة."
"Call us +971 4 5189333 . talktous@elabelz.com","talktous@elabelz.com. +971 4 5189333 اتصل بنا"
"+971 4 5189333","5189333 4 971+"
"Call us :","إتصل بنا: "
"adidas","اديداس"
"Adidas","اديداس"
"ADIDAS","اديداس"
"A nation","اى نشن"
"A nation ","اى نشن"
"Carrera","كاريرا"
"Carrera ","كاريرا"
"CARRERA","كاريرا"
"carrera","كاريرا"
"carrera ","كاريرا"
"Aanchal Chanda","آنشل شندى"
"Abuze","ابيوز"
"Addictive Gifts","أدكتفي جيفتس"
"ADPT","أدبت"
"Aka","اكا"
"Aldo","الدو"
"amongst few","امونغست فيو"
"Anaii","اناي"
"Anaya","انايا"
"Anerkjendt","انركجينت"
"Ann Summers","آن سمرز"
"Another Influence","انوذر انفلوينس"
"Armani Jeans","آسك أليس"
"Ash","آش"
"Asics","اسيكس"
"Ask Alice","آسك أليس"
"Aurum","أوروم"
"AV Bros","اي في بروس"
"AVI-8","اي في-8"
"adidas Originals","اديداس اوريجنالز"
"Adidas Originals","اديداس اوريجنالز"
"Adidas Originals","اديداس اوريجنالز"
"Bardot","باردو"
"Bariano","بريانو"
"Base London","بيس لندن"
"base london","بيس لندن"
"BASMA","بسمة"
"Bellfield","بيل فيلد"
"Bellucci","بيلوتشي"
"Bewley amp Ritch","بيولي اند ريتش"
"Big Metal","بيج ميتل"
"Blend","بليند"
"Blink","بلينك"
"Bluebella","بلوبيلا‎"
"Boohoo","بوهو"
"Boutique","بوتيك"
"Brashy Couture","براشي كوتور"
"Brave Soul","بريف سول"
"Brooks","برايف سول"
"BucketFeet","باكيت فييت"
"Burton","بورتون"
"Butterfly Twists","بترفلاي تويست"
"Creo","كريو"
"creo","كريو"
"CREO","كريو"
"CALL IT SPRING","كول ات سبرينج"
"Casio","كاسيو"
"Cayler &amp; Sons","كايلر امب سونس"
"Cayler and Sons","كايلر امب سونس"
"COCO","كوكو"
"C1rca","سي 1 آر سي أي"
"Calvin Klein","كالفن كلاين"
"CALVIN KLEIN","كالفن كلاين"
"Catseye","كاتسي"
"CECILE","سيسيل"
"Chancellor","شانسلر"
"Charles Delon","شارلس دلون"
"Cheapo","شيبو"
"Chic","شيك"
"Chantal","شنتال"
"Classics 77","كلاسيك 77"
"Claudia Ghizzani","كلوديا غيزاني"
"Club L","كلوب ال"
"Club L Curve","كلوب ال كيرف"
"Comfort Plus","كومفورت بلس"
"Comutor","كميوتر"
"Converse","كونفرس"
"Creative Recreation","كريتف ريكريشن"
"Criminal Damage","كريمينال دامج"
"Crosshatch","كروس هاتش"
"Dancing Leopard","دانسينغ ليوبارد"
"Daphnea","دافنيا"
"Designsix London","ديزاينسيكس لندن"
"Dolcis","دولشيس"
"DP Curve","دي بي كيرف"
"D-Struct","د-صطركت"
"Duchamp","دوشامب"
"Dorothy Perkins","دوروثي بيركنز"
"Diesel","ديزل"
"DKNY","دي كي ان واي"
"EA7 Emporio Armani","امبريو ارماني"
"Ella","ايلا"
"Ella Plus","ايلا بلاس"
"Eastpak","ايست باك"
"Eclipse","اكلبس"
"EEight","إييغت"
"Elfin Kidz","الفين كيدز"
"Elie Beaumont","ايلي بومونت"
"Ella Limited Edition","ايلا ليمتد اديشن"
"Elle Louise","إلي لويس"
"Emporio Armani","امبريو ارماني"
"Endless Rose","ايندلس روز"
"English Factory","انجلش فاكتوري"
"Esiposs","اسيبوس"
"Etnies","اتنيس"
"Evans","ايفنس"
"Evil Twin","ايفل توين"
"Farah","فرح"
"Fashion Union","فاشن يونيون"
"Fero Clothing","فيرو كلوذنغ"
"Ferrari","فيراري"
"FERRARI","فيراري"
"Fever London","فيفر لندن"
"Fifteen Minutes","فيفتين مينتس"
"Finery London","فاينري لندن"
"First amp I","فيرست اند آي"
"Fish N Chips","فش ان تشيبس"
"FitFlop","فيت فلوب"
"Fjord","فيورد"
"Flexfit","فليكس فيت"
"Football Fanwea","فوتبال فنوية"
"Fossil","فوسيل"
"Frank Wright","فرانك ورغط"
"Fremont amp Harris","فريمونت اند هاريس"
"Freya","فريا"
"Friend or Faux","فريند اور فو"
"FRNCH","فرنش"
"Funk","فانك"
"Funky Fish","فانكي فش"
"Girls On Film","جيرلز أون فيلم"
"Glamorous","جلاموروس"
"Gola Classics","جولا كلاسيك"
"Good for Nothing","جود فور نوثنج"
"Grimey","جرايمي"
"G-Shock","جي شوك"
"G-Star Raw","جي ستار رو"
"Guide London","جايد لندون"
"Gymboree","جمبوري"
"Ginger","جينجر"
"Guess","جيس"
"GUESS","جيس"
"H By Hudson","اتش باي هادسون"
"H by Hudson","اتش باي هادسون"
"Hayas Closet","هاياس كلوزت"
"House Of Hounds","هاوس اوف هاوندز"
"House of Hounds","هاوس اوف هاوندز"
"Hudson","هادسون"
"H Nathalie","اتش  ناتالي"
"Henleys","هينليز"
"Heros Heroine","هيروز هيروين"
"Herschel","هيرشل"
"Hot Soles","هوت سولس"
"Humor","هيومر"
"Hype","هايب"
"Icon Brand","ايكون براند"
"Invicta","انفيكتا"
"IOION","ايو ايون"
"IPANEMA","ابانما"
"Jack &amp; Jones ","جاك اند جونز"
"jack &amp; jones","جاك اند جونز"
"JACK &amp; JONES","جاك اند جونز"
"Jack amp Jones","جاك اند جونز"
"jack-&ampamp-jones-","جاك اند جونز"
"Jack amp Jones Premium","جاك اند جونز بريميوم"
"Jack amp Jones Tech","جاك اند جونز تك"
"Jack amp Jones Vintage","جاك اند جونز فينتج"
"Jack &amp; Jones Premium","جاك اند جونز بريميوم"
"Jack &amp; Jones Tech","جاك اند جونز تك"
"Jack &amp; Jones Vintage","جاك اند جونز فينتج"
"Jacqueline De Yong","جاكلين دي يونج"
"Jaded London","جاديد لندن"
"Jana Imaan","جانا ايمان"
"Jeepers Peepers","جيبيرس بيبيرس"
"Jobedu","جو بدو"
"Joe Bloggs","جوي بلوجس"
"John Zack","جون زاك"
"Juice Tee","جوس تي"
"Juniors Be Junior","جونيورز بي جونيور"
"K Swiss","كي سويس"
"Kangol","كنجول"
"Kenneth Cole","كينيث كول"
"King","كنج"
"Kipling","كيبلينج"
"Klaus Kobec","كلاوس كوبيك"
"Komono","كومونو‎"
"La Mer Collections","لا مير كولكتينس"
"La Strada","لاسترادا"
"Laceys of London","ليسيز اوف لندن"
"Laundry Room","لوندري روم"
"Lavish Alice","لافيش أليس"
"Le Coq Sportif","لي كوك سبورتيف"
"Leila Eve","ليلى إيف"
"Lily amp Lola","ليلي اند لولا"
"Little Fifteen Minutes","لتل ففتين مينتس"
"Little Ginger","لتل جنجر"
"Little Mistress","لتل مسترس"
"Love to Lounge","لاف تو لاونج"
"Lovecat","لوف كات"
"Lucleon","لوكليون"
"Luke","لووك"
"Lumier by Bariano","لومير باي باريانو‎"
"LYDC London","ليدك لندن"
"Lacoste","لاكوست"
"Lumire Timing","لومير تايمنج"
"Mahsa","محصا"
"Monayef","مونايف"
"Majestic","ماجستيك"
"Majique London","ماجيك لندن"
"Mango MAN","مانجو مان‎"
"Marc By Marc Jacobs","مارك باي مارك جاكوبس"
"Marie Meili","ماري ميلي"
"Michael Kors","مايكل كورس"
"Michael Michael Kors","مايكل مايكل كورس"
"Mink Pink","منك بنك"
"Minoti","مينوتي‎"
"Mi-Pac","مي باك"
"Mish Mash","مش ماش"
"Missguided","ميس جايديد"
"Mitchell &amp; Ness","ميتشيل اند نس"
"Mocks","موكس"
"Monkey Business","مونكي بزنس"
"Mosmann Australia","موسمن استراليا"
"Motel","موتيل"
"Movies","موفيز"
"MANGO","مانجو"
"Meltin","ملتن"
"Miss Selfridge","مس سلفردج"
"New Era","نيو ارا"
"N1SQ",""
"Name","اسم"
"Native","ناتيف"
"Native Youth","ناتيف يوث"
"Neon Rose","نيون روز"
"Never fully Dressed","نفر فلي درسد"
"New Balance","نيو بالانس"
"New Look","نيو لوك"
"New Look Inspire","نيو لوك انسباير"
"Nicce London","نشى لندن"
"No Doubt".,"نو داوت"
"Noisy May","نويزي ماي"
"North Face","نورث فيس‎"
"Nubian Skin","نوبيان سكين"
"Onitsuka Tiger","اونتسوكا تايجر"
"Only","اونلي"
"Only &amp; Sons","اونلي اند سنس"
"Only &amp; Sons","اونلي اند سنس"
"Only Play","اونلي بلاي"
"Original Penguin","اورجينال بنجوين"
"Outdoor","اوت دور"
"Paez","بعز"
"Palladium","بالاديوم"
"Pawn Future Kings","باون فيوتشر كنجز‎"
"Peter Werth","بيتر ورث"
"Piaffe","بياف"
"Pieces","بيسز"
"Pilgrim","بيلجرم"
"Pre End","بري عند"
"Pretty Little Things","بريتي ليتل ثينغس"
"Produkt","برودكت"
"Police","بوليس"
"PUMA","بوما"
"Q&amp;Q","كيو اند كيو"
"Q&Q","كيو اند كيو"
"Qupid","كيوبد"
"Rare","رير"
"Reason","ريزون"
"Reebok Classics","ريبوك"
"Retro","رترو"
"Ringspun","رينغسبون"
"Rip Curl","ريب كيرل"
"Robert Wood","روبرت وود"
"Rookies Jeans","روكيز جينز"
"Ruby Q","روبي كيو"
"Rush Hour Solid","رش هور سوليد"
"Santa Monica Polo Club","سانتا مونيكا بولو كلوب"
"Sanuk","سانوك"
"Saucony","ساكوني"
"Savannah Collection","سافانا كولكشن"
"Seventy Five","سفنتي فايف"
"Shine","شين"
"Shriya","شريا"
"SikSilk","سك سيلك"
"Skinny Dip London","سكيني ديب لندن"
"Slazenger","سلازينغر"
"South Audley","ساوث اودلي"
"South Beach","ساوث بيتش"
"Speedster","سبيدستر"
"Spinnaker","سبيناكر"
"Spiral","سبيرال"
"Spurr","سبير"
"Spurr Basic","سبير بسك"
"Style Shoes","ستايل شوز"
"Suite Blanco","سيتي بلانكو"
"Sunshine","سنشن"
"Superdry","سوبر دراي"
"Superga","سوبرجا"
"Swarovski","سواروفسكي"
"Sweet","سويت"
"Selected Homme","سيلكتد هوم"
"Skechers","سكيتشرز"
"Tatty Devine","تاتي ديفاين"
"Te Amo","تيامو"
"The Boho District","ذا بهو ديستريكت"
"Threadz","ثردز"
"Timex","تيميكس"
"Tokyo Laundry","طوكيو لوندري"
"Tom Franks","توم فرانكس"
"Tommy Hilfiger","تومي هيلفيغر"
"TOMMY HILFIGER","تومي هيلفيغر"
"TOMS","تومس"
"Toni Pons","توني بونس"
"Topman","توب مان"
"Trend","ترند"
"Truffle","ترافيل"
"Timberland","تمبرلاند"
"Topshop","توب شوب"
"Twisted Roots","توستد روتس"
"test","اختبار"
"Test","اختبار"
"US Polo Assn","يو اس بولو اسن"
"UAE Watch","يو أ ي واتش"
"UNDER ARMOUR","اندر ارمر"
"Amasty_Shopby::UNDER ARMOUR","اندر ارمر"
"Magestore_Shopbybrand::UNDER ARMOUR","اندر ارمر"
"Under Armour","اندر ارمر"
"Amasty_Shopby::Under Armour","اندر ارمر"
"Magestore_Shopbybrand::Under Armour","اندر ارمر"
"Vans","فانز"
"Vero Moda","فيرو مودا"
"Vila","فيلا"
"Vintage Style","فينتج ستيل"
"Wallis","والس"
"Whistle &amp; Bango","وهستل امب بنغو"
"Whistle & Bango","وهستل امب بنغو"
"Workshop","ورك شوب"
"Xela","اكسإلا"
"XXL HARDWEAR","اكس اكس ال هاردوير"
"YAS","ياس"
"Zatchels","ذاتشيلس"
"304","304"
"47 Brand","47 براند"
"ALL","جميع"
"A","ا"
"B","ب"
"C","ك"
"D","د"
"E","ا"
"F","ف"
"G","ج"
"H","ه"
"I","أ"
"J","ج"
"K","ك"
"L","ل"
"M","م"
"N","ن"
"O","ا"
"P","ب"
"Q","ك"
"R","ر"
"S","س"
"T","ت"
"U","ي"
"V","ف"
"W","و"
"X","ا"
"Y","ي"
"Z","ز"
"Please","من فضلك"
"to send message to seller of this product.","لإرسال رسالة إلى البائع لهذا المنتج."
"Seller is not allowed to contact buyer directly.","لا يجوز للبائع في الاتصال المشتري مباشرة."
"Contact support to know about this product.","دعم الاتصال لمعرفة عن هذا المنتج."
"You cannot send message to you!","لا يمكنك إرسال رسالة لك!"
"Seller cannot contact to seller.","البائع لا يمكن الاتصال على البائع."
"login","الدخول"
"International": "دولي"
"Item ID","رقم السلعة"
"Please wait...","أرجو الإنتظار..."
"Summary","ملخص"
"Refine By","التصنيف حسب"
(متوفر من الأحد إلى الجمعة 08:00 حتي 23:00 والجمعة إلى الأحد 09:00 حتي 21:00
"Edit tor cart","Edit tor cart"
"dd/mm/yy","يوم / شهر / سنة"
"Please enter a coupon code.","الرجاء إدخال رمز القسيمة ."
"Credit Card (Telr)","الدفع بواسطة بطاقة الائتمان ( Telr )"
"Credit Card ","الدفع بواسطة بطاقة الائتمان"
"Credit Card","الدفع بواسطة بطاقة الائتمان"
"Returning Customer","الزبون العائد"
"Sign in","تسجيل الدخول"
"Sign In","تسجيل الدخول"
"Need help?","بحاجة الى مساعدة ؟"
"Enter your email to continue.","أدخل بريدك الإلكتروني للمتابعة."
"First time shopping at","لأول مرة للتسوق في"
"?","؟"
"Subtotal (Excl. Tax)","المبلغ الإجمالي"
"Trainers","احذية تدريب"
"Credit Card (Telr)","الدفع بواسطة بطاقة الائتمان ( Telr )"
"FOOTBALL SHOES","أحذية كرة القدم"
"Football Shoes","أحذية كرة القدم"
"ELABELZ","إي ليبلز"
"Don't have an account?","لم يكن لديك حساب؟"
"Create One!","اصنع واحدا!"
"Create One!","اصنع واحدا!"
"Sign in with","تسجيل الدخول ب"
"Facebook","فيس بوك"
"Enter your Email Address here to receive a link to change password.","أدخل عنوان البريد الالكتروني لل حصول على رابط لتغيير كلمة السر."
"Enter Your Email","أدخل بريدك الإلكتروني"
"New User? Sign Up","مستخدم جديد؟ سجل"
"DOB","تاريخ الميلاد"
"Sign Up Now!","أفتح حساب الأن!"
"Already have an account?","هل لديك حساب؟"
"Login!","الدخول!"
"Please enter your email address below. You will receive a link to reset your password.","يرجى إدخال عنوان البريد الالكتروني أدناه . سوف تتلقى وصلة ل إعادة تعيين كلمة السر الخاصة بك ."
"Log Out","خروج"
"No.","لا."
"Item Name","اسم العنصر"
"Sku","رقم السلعة"
"Order Summary","تفاصيل الطلب"
"Do you have a promo code?","هل لديك الكلمة السرية للخصم؟"
"Product Review","استعراض المنتجات"
"Apply Code","احصل على الخصم"
"Enter promo code","إدخال الكلمة السرية للخصم"
"Enter promo code:","إدخال الكلمة السرية للخصم"
"shop","متجر"
"Shop","متجر"
"Reset a Password","إعادة تعيين كلمة السر"
"Other Countries","دول أخرى"
"Use as Shipping Address","كما استخدم عنوان الشحن"
"Please select...","اختر من فضلك..."
"Shipping","الشحن"
"Customer Service","خدمة الزبائن"
"General","جنرال لواء"
"Note Sure","ملاحظة بالتأكيد"
"UAE","الإمارات العربية المتحدة"
"Saudi Arabia","المملكة العربية السعودية"
"Bahrain","البحرين"
"Oman","سلطنة عمان"
"Kuwait","الكويت"
"Qatar","قطر"
"Egypt","مصر"
 "Iraq","العراق"
"Late Shipment","شحنة في وقت متأخر"
"Item Exchange","تبادل البند"
"Item Return","البند العودة"
"General Query","سؤال عام"
"Not Sure","غير متأكد"
"International","دولي"
"UK","المملكة المتحدة"
"Please enter a email address","يرجى إدخال البريد الإلكتروني"
"Please enter a registered email address.","يرجى إدخال لبريد الإلكتروني المسجل."
"Email Id and Password should not empty","البريد الإلكتروني معرف و كلمة السر يجب أن لا فارغة"
"Please enter the email address to send a new password to your mail","يرجى إدخال عنوان البريد الإلكتروني لإرسال كلمة سر جديدة إلى بريدك"
"We have now sent you a new password to your email address. Click the link below to return to login.","لقد أرسلت الآن لك كلمة سر جديدة إلى عنوان البريد الإلكتروني الخاص بك . انقر على الرابط أدناه للعودة للدخول."
"Free Delivery Next 5 Wokring Days","توصيل مجاناً خلال خمسة أيام عمل"
"Remove Item","حذف المنتج"
"Sub Total","المبلغ الإجمالي"
"Apply","تطبيق"
"There is already an account with this email address.","وهناك بالفعل حساب مع عنوان البريد الإلكتروني هذا ."
"If there is an account associated with %s you will receive an email with a link to reset your password.","إذا كان هناك حساب مرتبط ب %s سوف تتلقى رسالة بريد إلكتروني مع وصلة ل إعادة تعيين كلمة السر الخاصة بك ."
"Women's home page","الصفحة الرئيسية  نسائية"
"What's new","التشكيلة الجديدة"
"What's New","ماهوالجديد"
"Men's home page","الصفحة الرئيسية  رجالية"
"Top Brands","أعلى العلامات التجارية"
"Kids store","متجر الاطفال"
"Click here to print a copy of your order confirmation","انقر هنا ل طباعة نسخة من تأكيد طلب"
"here to print","هنا لطباعة"
"a copy of your order confirmation","نسخة من تأكيد طلبك"
"Babies","بنات رضع"
"Childer","بنات صغيرات"
"Teen girls","بنات مراهقات"
"Please sign me up to Elabels emails","الرجاء تسجيل الدخول لي حتى اي ليبلز رسائل البريد الإلكتروني"
"You have successfully registered","لقد سجلت بنجاح"
"Your search","بحثك"
"did not match any products.","لم يتوافق مع اي منتج."
"Did you mean:","هل تعني:"
"'%value%' appears to be a DNS hostname but cannot match TLD against known list","'%value%' يبدو أن اسم المضيف DNS ولكن لا يمكن أن المباراة TLD ضد القائمة المعروفة"
"'%value%' appears to be a local network name but local network names are not allowed","يبدو '%value%' ليكون اسم الشبكة المحلية ولكن لا يسمح أسماء الشبكات المحلية"
"'%s' is not a valid hostname.","'%s' ليس اسم مضيف صالح."
"use billing as shipping address","عنوان الفواتير نفس عنوان التوصيل"
"Phone number","رقم الهاتف"
"Check out as Guest","هل انت جديد هنا؟"
"Checkout as Guest","هل انت جديد هنا؟"
"check out with email address only","الخروج مع عنوان البريد الإلكتروني فقط"
"Checkout with email address only","الخروج مع عنوان البريد الإلكتروني فقط"
"Continue as Guest","تابع كضيف"
"Please enter your email below and we will send you a new password.","يرجى إدخال عنوان بريدك الإلكتروني أدناه و سوف نرسل لك كلمة مرور جديدة ."
"Checkout Fees","رسوم المحاسبه"
"An error occurred in the process of payment","حدث خطأ في عملية الدفع"
"Order","طلب"
"Click <a href='%s'>here</a> to continue shopping.","انقر <a href='%s'> هنا </a> لمتابعة التسوق ."
"My Messages","رسائلي"
"Brand by Category","العلامة التجارية من قبل الفئة"
"All Categories","جميع الفئات"
"Shop by Brand filter","المحل من قبل مرشح العلامة التجارية"
"Please enter a valid email address.","رجاء قم بإدخال بريد الكتروني صحيح"
"Details will be taken using the Telr secure payment gateway when you place an order.","وستتخذ تفاصيل باستخدام Telr بوابة دفع آمنة عند وضع النظام ."
"You cannot choose a parent category, please pick a specific child category.","لا يمكنك اختيار فئة الوالدين، يرجى اختيار فئة الأطفال محددة."
"Multiple selections are not allowed.","لا يسمح تحديدات متعددة."
"Please select category","الرجاء تحديد الفئة"
"Brand Not Found!","العلامة التجارية غير موجود!"
"Your credit card will be charged for","وستحمل بطاقة الائتمان الخاصة بك ل"
"American Express","أمريكان اكسبريس"
"Visa","فيزا"
"MasterCard","ماستر كارد"
"Discover","ديسكفر"
"JCB","جي سي بي"
"Switch/Maestro","التبديل / مايسترو"
"Solo","منفرد"
"Other","آخر"
"Credit Card(Telr)","الدفع بواسطة بطاقة الائتمان(تلر)"
"Processing, please wait. Do not click the refresh or back button or this transaction may be interrupted or terminated.","جارى المعالجة .. انتظر من فضلك. لا تنقر على التحديث أو الخلفي أو قد تتم مقاطعة هذه الصفقة أو إنهاؤها"
"Click","انقر"
"here to print","هنا لطباعة"
"a copy of your order confirmation.","نسخة تأكيد الطلب."
"Your credit card will be charged for","وستحمل بطاقة الائتمان الخاصة بك ل"
"Brand Not Found!","العلامة التجارية غير موجود!"
"Card Verification Number Visual Reference","رقم التحقق من البطاقة البصرية المرجعي"
"Select a billing address from your address book or enter a new address."," قم باختيار عنوان التوصيل من اللائحة ، أو أدخل عنوان جديد"
"Remaining Amount","المبلغ المتبقي"
"Use Billing Address","استخدام عنوان الفواتير"
"Select a shipping address from your address book or enter a new address.","قم باختيار عنوان التوصيل من اللائحة ، أو أدخل عنوان جديد"
"Company","شركة"
"Please select region, state or province","الرجاء اختيار المنطقة ، الولاية أو المقاطعة"
"State/Province","الدولة / مقاطعة"
"Zip/Postal Code","الرمز البريدي / الرمز البريدي"
"Please enter a valid credit card verification number","يرجى إدخال رقم التحقق من بطاقات ائتمان سارية المفعول"
"Incorrect credit card expiration date.","بطاقة الائتمان تاريخ انتهاء الصلاحية غير صحيح ."
"Credit card number mismatch with credit card type.","عدم تطابق رقم بطاقة الائتمان مع نوع بطاقة الائتمان ."
"Subtotal must exceed minimum order amount","يجب أن يتجاوز المجموع الفرعي الحد الأدنى للمبلغ النظام"
"Brand Not Found!","العلامة التجارية غير موجود!"
"card type does not match credit card number","نوع البطاقة لا يتطابق مع رقم بطاقة الائتمان"
"some of the products are currently out of stock","بعض المنتجات هي حاليا من المخزون"
"Currently no deals available.","حاليا لا يوجد الصفقات المتاحة ."
"Stock Availability","الاسهم التوفر"
"Out of Stock","إنتهى من المخزن"
"National Shipping Price","وطني سعر الشحن"
"Downloadable Information","معلومات للتنزيل"
"Completed","منجز"
"Pending","ريثما"
"Processing","معالجة"
"processing","معالجة"
"Cancelled","ألغيت"
"Refunded","ردها"
"4 Stars","4 نجوم"
"3 Stars","3 نجوم"
"2 Stars","2 نجوم"
"1 Stars","1 نجوم"
"Add Another","أضف آخر"
"Create One!","اصنع واحدا!"
"Enter your Email Address here to receive a link to change password.","أدخل عنوان البريد الالكتروني لل حصول على رابط لتغيير كلمة المرور."
"You are receiving this notification because you subscribed to receive alerts when the prices for the following products changed:","كنت تتلقى هذا الإشعار لأنك مشترك في تلقي تنبيهات عندما تتغير أسعار المنتجات التالية :"
"Unsubscribe from all price alerts","إلغاء الاشتراك من جميع تنبيهات سعر"
"Click here not to receive alerts for this product","انقر هنا عدم تلقي تنبيهات لهذا المنتج"
"Unsubscribe from all stock alerts","إلغاء الاشتراك من جميع التنبيهات الأسهم"
"How PayPal Works","كيف باي بال الأشغال"
"Some of the products are currently out of stock.","بعض المنتجات غير متوفرة حالياً في المخزون"
"SAR","ر.س"
"You will be charged an extra fee of %s (Incl. Taxes %s)","التكلفة الإضافية لهذة الخدمة هى %s"
"You will be charged an extra fee of %s Incl. Taxes","التكلفة الإضافية لهذة الخدمة هى %s"
"You will be charged an extra fee of %s","التكلفة الإضافية لهذة الخدمة هى %s"
"The subscription has been saved.","تم حفظ الاشتراك."
"Recent Purchases","قأئمة الطلبيات"
"Customer Review","استعراض الزبون"
"You have no Order.","لا يوجد لديك الأمر."
"Eligible for Payout","مؤهلة للحصول على دفع تعويضات"
"Seller Profile","الملف الشخصي البائع"
"Seller Bank Detail","بنك البائع التفاصيل"
"Balance","الرصيد"
"Transactions","المعاملات"
"Commission","عمولة"
"Transaction History","التاريخ المعاملة"
"Shirts & Bouses",""
"Body & Cropped","بلايز بدي قصيرة"
"There are no products matching the selection.",".لا توجد منتجات مطابقة مع الاختيارات"
" with order# ","مع النظام #"
"AED","درهم"
"KWD","دينار"
"QAR","ريال"
"BHD","دينار"
"AED","د.إ"
"KWD","د.ك"
"QAR","ر.ق"
"BHD","د.ب"
"OMR","ر.ع"
"USD","$"
"Print Air&nbsp;Bill","طباعة بيل الهواء"
"Confirmed -","مؤكد -"
"T-Shirts and Vests","تيشرتات و جليهات"
"t-shirts-and-vests","تيشرتات و جليهات"
"Account confirmation is required. Please, check your email for the confirmation link. To resend the confirmation email please","مطلوب حساب تأكيد . من فضلك، تحقق من بريدك الالكتروني ل تأكيد الصلة . إعادة إرسال رسالة تأكيد بالبريد الإلكتروني الرج"
"There is already an account with this email address. If you are sure that it is your email address, <a href=""%s"">click here</a> to get your password and access your account.","وهناك بالفعل حساب مع عنوان البريد الإلكتروني هذا. إذا كنت متأكدا من أنه هو عنوان البريد الإلكتروني الخاص بك، <a href=""%s"">انقر هنا</a> للحصول على كلمة المرور الخاصة بك والوصول إلى حسابك."
"Shop some of the most stylish fashion accessories around from a superlative selection at Elabelz","تسوق بعض من الازياء والاكسسوارات الأكثر أناقة حول من بين مجموعة الفائقة في Elabelz"
"British Knights","بريتش نايتس"
"883 Police","883 بوليس"
"A nation","نايشن"
"Active Bags","اكتيف باغز"
"ACTIVEBAGS","اكتيف باغز"
"Alexanderkane","أليكساندركاين"
"Angry Birds","أنغري بيردز"
"Anvil","أنفيل"
"Being You","بيينغ يو"
"BEIRA RIO","بيرا ريو"
"Bvlgari","بفلغاري"
"Bymasha","بايماشا"
"Carrera","كاريرا"
"Cars","كارز"
"Cayler & Sons","كيلر اند سنس"
"CELINE","سيلين"
"Conmfort Plus","كونفورت بلس"
"Dior","ديور"
"Dolce & Gabban","دولتشي & غابان"
"DR.MAUCH","در.ماوتش "
"DY7981","دي واي7981"
"Ecua-Andino Hats","اكوا- أنديوا هاتس"
"Emerica","إيميريكا"
"Fila","فيلا"
"Fleur","فلور"
"Frozen","فروزين"
"Gasstone","غاستون"
"Gildan","غيلدان"
"GinoBellini","جينو بيليني"
"Giorgio Armani","جورجيو أرماني"
"Golden Apple","جولدن ابل"
"Gottex","غوتكس"
"GUCCI","غوتشي"
"Havaianas","هافايانس"
"Hello Kitty","هيلو كيتي"
"Holster","هولستر"
"Indian terrain","انديان تيراين"
"Jansport","جانسبورت"
"Kal Jacob","كال جاكوب"
"LOLO","لولو"
"Lotto","لوتو"
"Louis Arden","لويس أردن"
"Minions","مينيونز"
"Mitchell & Ness","ميتشيل اند نس"
"Muche et Muchette","موتش اي موشيت"
"Neff","نيف"
"Nike","نايك"
"nike","نايك"
"OAKLEY","أوكلي"
"Pain de Sucre","باين دي سوكر"
"Paris Hilton","باريس هيلتون"
"Planes","بلاينز "
"Polo Ralph Lauren","بولو رالف لورين"
"Porsche Design","بورش ديزاين"
"Progress Fashion","بروغريس فاشن"
"Ralph Lauren","رالف لورين"
"Ray Ban","راي بان"
"Reebok","ريبوك"
"Resetto","ريزيتو"
"sol brazil","سول برازيل"
"Roberto Cavalli","روبيرتو كافالي"
"Sara Plaza","سارة بلازا"
"Seden","سيدين"
"Selsela accessories","أكسسوارات سلسلة"
"Soludos","سولودوس"
"Spiderman","سبايدرمان"
"Sprox","سبروكس"
"Starter","ستارتر"
"Stonefly","ستون فلاي"
"Supra","سوبرا"
"Tag Heuer","تاغ هيوور "
"Teenage Mutant Ninja Turtles","تينايج موتانت نينجا تيرتلز"
"The Good Dinosaur","ذا غود داينوسور "
"Tiffany","تيفاني"
"TomFord","توم فورد"
"Tozailine","توزالين"
"Trovea","تروفيا"
"Trucare","تروكير"
"Viamarte","فياميرت "
"VIZZANO","فيزانو"
"Volcom","فولكوم"
"Wildcarft","وايلدكرافت"
"Wrangler","رانغلر"
"masha","محصا"
"Masha","محصا"
"Twisted Roots","تويستيد روتس"
"Monayaf","موناياف"
"House of Eve","هاوس أوف إيف"
"Selselaaccessories","أكسسوارات سلسلة"
"Sol Brazil","سول برازيل"
"Salta Fashion","سالتا فاشن"
"Dee by Dalia","دي باي داليا"
"Account confirmation is required. Please, check your email for the confirmation link. To resend the confirmation email please <a href=""%s"">click here</a>.","يجب تأكيد الحساب.  من فضلك، تحقق من بريدك الالكتروني و تأكيد حسابك . لإعادة إرسال بريد التأكيد بالبريد الإلكتروني <a href=""%s""> الرجاء الضغط هنا </a>."
"Wedges","أسافين"
"Berry","حبة"
"Un Brand","العلامة التجارية"
"361","361"
"BEIRA RIO","بيرا ريو"
"Active Bags","اكتيف باغز"
"Wrangler","رانغلر"
"Wildcarft Soludos","ولدكارفت سولودوس"
"Lotto","لوتو"
"British Knights","بريتش نايتس"
"Conmfort Plus","كنمفرت بلس"
"DR.MAUCH","دكتور ماوخ"
"Golden Apple","جولدن ابل"
"Kal Jacob","كال جاكوب"
"Paris Hilton","باريس هيلتون"
"Fila","فيلا"
"Seden","سيدين"
"Trucare","تركاري"
"gottex","غوتكس"
"Jansport","جانسبورت"
"Havaianas","هافايانس"
"Lolo","لولو"
"Selsela Accessories","سلسلة أكسريس"
"%s and above","%s اعلى من"
"%sandabove","%s اعلى من"
"%s and above","%s اعلى من"
"Your password has been updated.","تم تحديث كلمة السر الخاصة بك."
"Your password reset link has expired.","انتهت صلاحية رابط إعادة تعيين كلمة المرور."
"and above","و فوق"
"Shirts &amp; Bouses","قمصان وبلوزات"
"mail@example.com","ادخل البريد الالكتروني"
"Bernie Mev","برني ميف"
"Bernie Mev","برني ميف"
"Create an account for later use","انشئ حسابا للاستعمال لاحقا"
"Free Shipping","الشحن مجانا"
"Select Manufacturer","حدد الصانع"
"You are currently on a guest account.","أنت حالياً تتصفح الموقع كزائر، هل ترغب ب"
"Billing and Shipping","الفواتير و شحن"
"Payment","دفع"
"New Shipping Address","عنوان جديد شحن"
"State/Province","الدولة / مقاطعة"
"Zip Code","الرمز البريدي"
"Billing ZIP Code","الفواتير الرمز البريدي"
"Cash On Delivery","الدفع نقداً عند الاستلام"
"My Tickets","بلدي تذاكر"
"Open Ticket","تذكرة مفتوحة"
"Log In To Zendesk","تسجيل الدخول إلى ظندثك"
"You dont have any tickets","لم يكن لديك أي تذاكر"
"Support Tickets","تذاكر الدعم الفني"
"Subject","موضوع"
"Requested","طلب"
"Updated","تحديث"
"Status","الحالة"
"Please enter a valid credit card verification number.","الرجاء إدخال رقم بطاقة الائتمان التحقق صالح."
"Would you like to log in as an existing user instead?","تسجيل الدخول كمستخدم حالي؟"
"You will be charged an extra fee of ","التكلفة الإضافية لهذة الخدمة هى "
" Incl. Taxes",""
"Incl. Taxes ",""
"Credit card number does not match credit card type.","رقم بطاقة الائتمان لا يتطابق مع نوع بطاقة الائتمان ."
"Card verification number is wrong","عدد التحقق من بطاقات خاطئ"
"US","الأمريكيةالولايات المتحدة الأمريكية"
"EU","الولايات المتحدة"
"EUR","الولايات المتحدة"
"Eu","الولايات المتحدة"
"eu","الولايات المتحدة"
"Eur","الولايات المتحدة"
"eur","الولايات المتحدة"
"BRANDBLACK","براندبلاك"
"brandblack","براندبلاك"
"BrandBlack","براندبلاك"
"Brazil","البرازيل"
"brazil","البرازيل"
"BRAZIL","البرازيل"
"LACOSTE","لاكوست"
"lacoste","لاكوست"
"Thank you for registering with %s.","شكرا لتسجيلك مع %s."
"Thank you for registering with ELABELZ.","شكرا لتسجيلك مع ELABELZ."
"Confirm Order","أكد الطلب"
"Edit Product","تحرير المنتج"
"Add Variation Products","إضافة تباين المنتجات"
"Email already registered with us, please login to checkout faster. Click &quot;Continue&quot; if you still want to login as a guest.","البريد الإلكتروني مسجل بالفعل معنا، الرجاء الدخول إلى الخروج بشكل أسرع. انقر على &quot;متابعة&quot; إذا كنت لا تزال تريد الدخول كضيف."
"Proceed to payment","المتابعة للدفع"
"Billing and Shipping details","الفواتير والشحن تفاصيل"
"Bank Transfer/Paypal","حوالة مصرفية / باي بال"
"Payout Method","طريقة دفع تعويضات"
"Silver-Black","الفضة السوداء"
"Navy-Blue","البحريه الزرقاء"
"Blue-Red","الأزرق الأحمر"
"White-Navy","الأبيض في سلاح البحرية"
"Gold-Black","الذهب الأسود"
"White-Blue","الأبيض و الأزرق"
"Multi-Colour","متعدد الألوان"
"Orchid","زهرة الاوركيد"
"Apple-Green","التفاح الأخضر"
"Green-Turquoise","الأخضر الفيروز"
"Rose-Gold","وارتفع الذهب"
"White-Black","أبيض أسود"
"White-Navy","الأبيض في سلاح البحرية"
"Women Shoes","النساء الأحذية"
"KIDS SHOES","اأحذية الأطفال"
"Men Shoes","احذية رجالية"
"In International","افي الدولية"
"Coming Soon","قريبا"
"Referred Friends","معرفی دوستان"
"There is no recent views","لا يوجد وجهات النظر الأخيرة"
"Your account has been successfully connected through ","حسابك قد تم الاتصال بنجاح من خلال الفيسبوك"
"Your account has been successfully connected through Facebook","حسابك قد تم الاتصال بنجاح من خلال الفيسبوك"
"Your account has been successfully connected through Google","حسابك قد تم الاتصال بنجاح من خلال جوجل"
"Facebook Login connection failed","فشل الاتصال تسجيل الدخول الفيسبوك"
"Your account has been successfully connected through Linkedin","تم ربط حسابك بنجاح عبر لينكيدين"
"Your account has been successfully connected through Yahoo","حسابك قد تم الاتصال بنجاح من خلال ياهو"
"Please, check your email for confirmation key.","من فضلك تحقق من بريدك الالكتروني لمفتاح تأكيد."
"Validate","استخدم الكوبون"
"Buy Now","اشتري الآن"
"The email address is not registered with any account with us, would you like to continue to register or try again.","لم يتم تسجيل عنوان البريد الإلكتروني مع أي حساب معنا، و تريد أن تستمر في تسجيل أو حاول مرة أخرى ."
"The password you entered is Incorrect, please try again","كلمة المرور التي أدخلتها غير صحيحة ، يرجى المحاولة مرة أخرى"
"Register","التسجيل"
"ELABELZ","اي ليبلز"
"Save in address book","حفظ في دفتر العناوين"
"Returns/Exchanges","الإستبدال و الترجيع"
"Reject","رفض"
"The item has been rejected","تم رفض هذا البند"
"Canceled","ألغيت"
"Pending Customer Confirmation","في انتظار تأكيد العملاء"
"pending_customer_confirmation","في انتظار تأكيد العملاء"
"Pending Seller Confirmation","في انتظار البائع تأكيد"
"pending_seller_confirmation","في انتظار البائع تأكيد"
"Customer Rejected","مرفوض العملاء"
"Seller Rejected","البائع مرفوض"
"Failed Delivery","تسليم فاشلة"
"Sale Returned","بيع إرجاعها"
"Pending Confirmation","في انتظار التأكيد"
"pending confirmation","في انتظار التأكيد"
"Shipped From Elabelz","شحن من Elabelz"
"Shipped From Elabelz","تم الإرسال من إي ليبلز"
"Shipped from Elabelz","تم الإرسال من إي ليبلز"
"Completed Non Refundable","أكملت غير مستردة"
"Successful Delivery","تم التوصيل"
"Coupon code ""%s"" was applied.","رمز القسيمة ""%s"" تم تطبيق ."
"Coupon code was canceled.","تم إلغاء رمز القسيمة ."
"For Men","للرجال"
"For Women"," للنِساءِ"
"Supplier Sku","المورد سكو"
"Supplier SKU","المورد سكو"
"Seller <br> Amount","البائع المبلغ"
"Color <br>& Size","اللون والحجم"
"Supplier<br> Sku","المورد سكو"
"Product<br> Name","اسم المنتج"

"Sign in to speed up your checkout process","تسجيل الدخول إلى تسريع عملية الخروج الخاص بك"
"Returning Customers","العملاء الذين يقومون بإرجاع"
"Order Review","مراجعة الطلب"
"Checkout Method","أسلوب المراجعة"
"Register and Checkout","تسجيل والخروج"
"Loading next step...","... تحميل الخطوة التالية"
"Use Store Credit (%s available)","استخدام مخزن الائتمان (%s غير متوفرة)"
"Your shopping cart is empty.","سلة التسوق الخاصة بك فارغة."
"Provide coupon code!","توفير رمز القسيمة!"
"Coupon code was canceled.","تم إلغاء رمز القسيمة."
"Cannot apply the coupon code.","لا يمكن تطبيق رمز القسيمة."
"Please provide promo code.","يرجى تقديم الرمز الترويجي."

"Coupon code '%s' was applied.","تم تطبيق رمز القسيمة '%s'"
"Coupon code '%s' is not valid.","رمز القسيمة '%s' ليس صالح."
"Coupon code was canceled.","تم إلغاء رمز القسيمة."
"Cannot apply the coupon code.","لا يمكن تطبيق رمز القسيمة."
"Birkenstock","بيركنستوك"
"People","بيبول"
"Azalea","أزلية"
"Black-Purple","أسود - بنفسجي"
"Black-Multi","أسود - متعدد"
"Black-Violet","أسود - بنفسجي"
"Blue-Orange","الزرقاء - أورانج"
"Blue-Pink","أزرق - وردي"
"Charcoal","فحم"
"Charcoal-Black","الفحم - أسود"
"Charcoal-Blue","الفحم - الأزرق"
"Charcoal-Pink","الفحم - الوردي"
"Charcoal-Turque","الفحم - توركو"
"Coral-Grey","كورال - رمادي"
"Cream","كريم"
"Grey-Blue","رمادي - الأزرق"
"Grey-Orange","رمادي - أورانج"
"Grey-Pink","رمادي - الوردي"
"Grey-Purple","رمادي - بنفسجي"
"Grey-Yellow","رمادي - أصفر"
"Mocca","موكا"
"Navy-LightBlue","البحرية - أزرق فاتح"
"Navy-Red","البحرية - الأحمر"
"Offwhite","أوف وايت"
"Red-Blue","أحمر أزرق"
"Tiger","نمر"
"Trunk Show Jewelries ","ترانك شو مجوهرات"
"Trunk Show Jewelries","ترانك شو مجوهرات"
"ZAINIA","زينيا"
"BURBERRY","بربري"
"MICHAEL KORS","مايكل كورس"
"Marc Jacobs","مارك جاكوبس"
"Whats new","ما هو الجديد"
"Chantaldesigns","شانتال تصاميم"
"By Mahsa","بايماشا"
"Progress London","بروجرس لندن"
"Progress london","بروجرس لندن"
"progress london","بروجرس لندن"
"Progress London","بروجرس لندن"
"Salta","سالتا"
"Women's" ,"النساء"

"Flat Sandals","صنادل فلات"
"High - Heel Sandals","صنادل كعب عالي"
"Mid - Heel Sandals","صنادل كعب وسط"
"Sandals","صنادل"
"Flat Shoes","احذية فلات"
"High-Heel Pumps","احذية كلاسيكية كعب عالي"
"Mid-Heel Pumps","احذية كلاسيكية كعب وسط"
"Peep Toe Pumps","احذية كلاسيكية مفتوحة من الامام"
"Platform Pumps","احذية كلاسيكية بلاتفورم"
"Wedge Pumps","مضخات إسفين"
"Pumps","احذية كلاسيكية"
"Formal Lace UP","احذية رسمية باربطة"
"Please make the payment at our physical store address mentioned in the email that we will send to you or contact our customer care centre for help","يرجى زيارة مركزنا في بغداد للعقيام بالدفع. سيتم ارسال عنوان المركز إلى بريدك الالكتروني ويمكنك التواصل مع خدمة العملاء للمساعدة"
"CASH ON DELIVERY","الدفع نقداً عند الاستلام"
"Posted on","نشر على"
"By","بواسطة"
"by","بواسطة"
"Read More","اقرأ أكثر"
"Comments","تعليقات"
"smart spends","تخفيضات"
"The password you entered is Incorrect, please try again","كلمة المرور التي أدخلتها غير صحيحة، يرجى المحاولة مرة أخرى"
"The email address is not registered with any account with us, would you like to continue to register or try again.","لم يتم تسجيل عنوان البريد الإلكتروني مع أي حساب معنا، وتريد أن تستمر في تسجيل أو حاول مرة أخرى."
"The email address is not registered with this store, would you like to switch the account or continue to register for current store also.","لم يتم تسجيل عنوان بريد إلكتروني مع هذا المخزن، تريد تبديل حساب أو الاستمرار للتسجيل في مخزن الحالي أيضا."
"The email address is not registered with this store, please switch to your registered store.<br>Note: It will clear your shopping cart","هذا البريد الالكتروني مسجل في متجر أخر يرجى التحويل إلى متجرك الصحيح. ملاحظة<br> سيتم مسح المنتجات في حقيبة التسوق"
"The email address is not registered with this store, please switch to your registered store.","لم يتم تسجيل عنوان بريد إلكتروني مع هذا المخزن، يرجى التحول إلى متجرك مسجل."
"The email address is not registered with any account with us, would you like to continue to register or try again.","لم يتم تسجيل عنوان البريد الإلكتروني مع أي حساب معنا، وتريد أن تستمر في تسجيل أو حاول مرة أخرى."
"Please login with your email address and password","يرجى تسجيل الدخول باستخدام عنوان البريد الإلكتروني وكلمة المرور"
"Account confirmation is required. Please, check your email for confirmation link. <a href=""%s"">Click here</a> to resend confirmation email.","مطلوب حساب تأكيد. من فضلك، تحقق من بريدك الالكتروني لتأكيد الصلة. <a href=""%s""> انقر هنا </a> لإعادة إرسال البريد الإلكتروني تأكيد."
"This account is not confirmed.","لم يتم تأكيد هذا الحساب."
"This account is not confirmed. <a href="%s">Click here</a> to resend confirmation email.","لم يتم تأكيد هذا الحساب. <a href="%s"> انقر هنا </a> لإعادة إرسال البريد الإلكتروني تأكيد."
"Click here","انقر هنا"
" to resend confirmation email.","إعادة إرسال البريد الإلكتروني تأكيد."
"You are not registered with this store.","أنت غير مسجل مع هذا المخزن."
"Under armor","اندر ارمر"
"Trunk Show","ترانك شو"
"Pop","بوب"
"POP","بوب"
"FABALEY","فاب اللي"
"Barbara Gongini","باربرا جونجيني"
"Shirts & Blouses","قمصان وبلايز"
"Shirts &amp; Blouses","قمصان وبلايز"
"Leggings","ليقنقز"
"Switch Store","حول المتجر"
"Information","معلومات"
"Didnt get the code? Click here to resend.","لم يصلك الرمز؟ انقر هنا لإعادة الإرسال."
"Please verify your phone number by entering the the 4 Digit Code we've sent you","يرجى تأكيد رقم الهاتف الخاص بك عن طريق إدخال الرمز المكون من 4 أرقام الذي ارسلناه لك"
"Confirm that your phone number is correct and click VERIFY","يرجى تأكيد أن رقم الهاتف الخاص بك صحيح وانقر على تأكيد"
"Please enter and valid number, Spaces are not allowed" : "يرجى ادخال رقم صحيح.. لا يمكن ادخال مسافه في الرقم"
"Guss","جس"
"GUSS","جس"
"guss","جس"
"Toga","توجا"
"TOGA","توجا"
"Addidas","اديداس"
"Magestore_Shopbybrand::Addidas","اديداس"
"Amasty_Shopby::Addidas","اديداس"
"Magestore_Shopbybrand::Toga","توجا"
"Amasty_Shopby::Toga","توجا"
"Magestore_Shopbybrand::TOGA","توجا"
"Amasty_Shopby::TOGA","توجا"
"Amasty_Shopby::سترة","توجا"
"Mirasvit_SeoFilter::TOGA","توجا"
"Mirasvit_SeoFilter::Toga","توجا"
"Underwear & Socks","ملابس داخلية و جوارب"
"Underwear &amp; Socks","ملابس داخلية و جوارب"
"Amasty_Shopby::Underwear and Socks","ملابس داخلية و جوارب"
"Underwear and Socks","ملابس داخلية و جوارب"
"Amasty_Shopby::Back","الى الخلف"
"Amasty_Shopby:: to ",  "  إلى "
"Amasty_Shopby::SHOES",  "احذية"
"Amasty_Shopby::Men",  "الرجال"
"Amasty_Sorting::Women Sports Collection",  "النساء مجموعة الرياضة"
"Amasty_Shopby::Hoodie &amp; Sweatshirts",  "هوديي و. بلوزات"
"Amasty_Shopby::Sports Bras",  "الرياضة حمالات الصدر"
"Mage_Catalog::1",  "1"
"Amasty_Shopby::T-Shirts and Vests",  "تي شيرت وسترات واقية"
"Amasty_Shopby::Shoppers / Totes",  "المتسوقين / مستحضرات تجميل"
"Amasty_Shopby::Satchels",  "الحقائب"
"Magestore_Shopbybrand::shop now",  "تسوقوا الآن"
"Apptha_Onestepcheckout::Please login with your email address and password.",  "يرجى تسجيل الدخول باستخدام عنوان البريد الإلكتروني وكلمة المرور."
"Apptha_Onestepcheckout::Email address",  "عنوان البريد الإلكتروني"
"Mage_Checkout::Enter promo code:",  "إدخال الرمز الترويجي:"
"Mage_Sales::Your credit card will be charged for",  "وستحمل بطاقة الائتمان الخاصة بك ل"
"Mage_Customer::Facebook",  "فيس بوك"
"Mage_Customer::Forgot Your Password",  "نسيت رقمك السري"
"Mage_Customer::Please enter your email address below. You will receive a link to reset your password.",  "يرجى إدخال عنوان البريد الالكتروني أدناه. سوف تتلقى وصلة لإعادة تعيين كلمة المرور الخاصة بك"
"Amasty_Shopby::Root Catalog",  "كتالوج الجذر"
"Amasty_Sorting::Cayler &amp; Sons - Cayler &amp; Sons",  "Cayler وأولاده - Cayler وأولاده"
"Amasty_Sorting::Cayler &amp; Sons - Cayler & Sons",  "Cayler وأولاده - Cayler وأولاده"
"Amasty_Sorting::Cayler & Sons - Cayler &amp; Sons",  "Cayler وأولاده - Cayler وأولاده"
"Amasty_Sorting::Cayler & Sons - Cayler & Sons",  "Cayler وأولاده - Cayler وأولاده"
"Mage_Newsletter::To keep up to date with the latest arrivals, exclusive launches and fashion inspiration direct to your inbox.",  "لتصلك كل مستجداتنا وعروضنا الحصرية على بريدك الإلكتروني"
"Mage_Newsletter::subscribe to our newsletter","إشتركوا في نشرتنا الاخبارية"
"Mage_Core::Files extension with .doc,.docx,.png,.jpg and .pdf are allowed only",  "يسمح الملفات ملحق مع .doc أو .docx أو بابوا نيو غينيا، jpg و قوات الدفاع الشعبي فقط"
"Amasty_Sorting::Sports Shoes - Nike",  "أحذية رياضية - نايك"
"Amasty_Sorting::Sports Shoes - Grey",  "أحذية رياضية - رمادي"
"Amasty_Sorting::Sports Shoes - Grey - Nike",  "أحذية رياضية - رمادي - نايك"
"Apptha_CustomMenu::Wallets",  "محافظ"
"Apptha_CustomMenu::T-Shirts &amp; Vests",  "تي شيرتات و. سترات"
"Apptha_CustomMenu::Formal Shoes",  "أحذية رسمية"
"Mage_Catalog::Size Unavailable?",  "حجم متوفر ؟"
"Amasty_Shopby::Skinny Jeans",  "جينز نحيف"
"Mage_Catalog::%sandabove",  "اعلىمن %s"
"Mage_Catalog::%s and above"," اعلى من %s"
"Mage_Catalog::5",  "5"
"Mage_Catalog::3",  "3"
"Mage_Checkout::Apply Code",  "احصل على الخصم"
"FacileCheckout_OnestepCheckout::Select a billing address from your address book or enter a new address.",  "قم باختيار عنوان التوصيل من اللائحة ، أو أدخل عنوان جديد"
"Amasty_Shopby::Backpacks",  "شنط ظهر"
"Amasty_Shopby::Trunk Show Jewelries",  "ترانك شو مجوهرات"
"Amasty_Shopby::Slim Fit",  "جينز بقصة ضيقة"
"Amasty_Shopby::Straight Jeans",  "جينز بقصة مستقيمة"
"Amasty_Shopby::Duffel Bags",  "شنط دفل للجيم"
"Amasty_Shopby::Formal Lace Up",  "احذية رسمية باربطة"
"Amasty_Shopby::T-Shirts",  "تيشيرتات"
"Amasty_Shopby::Bottoms",  "بناطلين تدريب"
"Amasty_Shopby::Shorts",  "شورتات"
"Amasty_Shopby::Jackets",  "جاكيتات"
"Amasty_Shopby::Sets",  "أطقم تنانير"
"Amasty_Shopby::T-shirts & Vests",  "تيشيرتات وكنزات"
"Amasty_Shopby::Hoodies &amp; Sweatshirts",  "هوديات و سويت شيرتات"
"Amasty_Shopby::",  " "
"Amasty_Shopby::498",""
"Amasty_Shopby::498",  "498"
"Amasty_Shopby::Items found",  "تم العثور على صنف"

"FRANCISCO TOLLI","فرانشيسكو توللي"
"Amasty_Shopby::FRANCISCO TOLLI","فرانشيسكو توللي"
"Mage_Catalog::FRANCISCO TOLLI","فرانشيسكو توللي"

"Amasty_Shopby::FABALY" ,"فاب اللي"
"Mage_Catalog::FABALY" ,"فاب اللي"

"Amasty_Shopby::Fabaly" ,"فاب اللي"
"Mage_Catalog::Fabaly" ,"فاب اللي"

"Amasty_Shopby::Barbra Gongini" ,"باربرا جونجيني"
"Mage_Catalog::Barbra Gongini" ,"باربرا جونجيني"

"Amasty_Shopby::BARBRA GONGINI" ,"باربرا جونجيني"
"Mage_Catalog::BARBRA GONGINI" ,"باربرا جونجيني"

"Check your phone – We just","تفقّد هاتفك! "
"sent you a top secret code!","لقد أرسلنا لك للتو رمزاً غاية في السرية! "
"Didn’t get the code? Click here to resend","لم يصلك الرمز؟ اضغط هنا لإرساله من جديد. "
"SMS","رسالة قصيرة"
"Just one more thing!","لم يبق إلا أمر واحد!"
"Please verify your phone number so we can be sure you’re a real person!","نرجو منك تفعيل رقم هاتفك لنتأكد أنك شخص حقيقي!"
"Enter your code","ادخل رمزك"

"You have to wait","عليك الانتظار "
"before resending message again","ثوانِ قبل محاولة إرسال الرسالة ثانية"
"Your number is now Verified, click on the link below to continue shopping","رقمك الآن معرّف، اضغط الرابط أدناه لمواصلة التسوّق"
"Code Sent","تم إرسال رمز التعريف"
"Not Verified","لم يتم التعريف"
"Cant Send Invalid value for param: number","غير قادر على إرسال قيمة غير صالحة للالمعلمة: عدد"

"Oops! Your payment didn't go through.","عفواً، لم تتم عملية الدفع"
"Your credit card payment was declined, please try with another credit card or choose a different payment option to proceed","لقد تم رفض بطاقتك الائتمانية، يرجى المحاولة باستخدام بطاقة أخرى او اختر طريقة دفع أخرى لإتمام الشراء"
"Proceed","تقدم"
"Cant Send Too many attempts to re-deliver have already been made","تعذّر الإرسال، تمت عدة محاولات مسبقة للتوصيل"
"Cant Verify Too many request_ids provided","غير قادر على التحقق من كثير جدا request_ids المقدمة"
"Cant Verify Concurrent verifications to the same number are not allowed","غير قادر على التحقق من التحقق المتزامنة إلى نفس الرقم غير مسموح"
"Cant There are no matching Verify request.","غير قادر على عدم وجود مطابقة تحقق الطلب."

"Amasty_Shopby::Chantal Designs","شانتال ديزاينز"
"Mage_Catalog::Chantal Designs","شانتال ديزاينز"
"Amasty_Sorting::Chantal Designs","شانتال ديزاينز"
"Chantal Designs","شانتال ديزاينز"

"Amasty_Shopby::Wildcraft","وايلد كرافت"
"Mage_Catalog::Wildcraft","وايلد كرافت"
"Amasty_Sorting::Wildcraft","وايلد كرافت"
"Wildcraft","وايلد كرافت"
"Designer Shoes","أحذية ماركات"
"designer shoes","أحذية ماركات"
"Designer Clothing","ملابس ماركات"
"designer clothing","ملابس ماركات"

"24 HRS","24 أورز"
"2wins","توينز"
"7 Chic Avenue","7 شيك آفينيو"
"AET","آي إي تي"
"Ajal","اجال"
"ALBANO","ألبانو"
"Alexander Kane","أليكساندر كاين"
"Army Of 1",""
"Bora Aksu","بورا أكسو "
"Bulgari","بولغاري"
"Caprice","كابريس"
"CAVALLO GENTILI","كافالو جنتيلي"
"Chic Shoes","شيك شوز"
"CONQUER","كونكر"
"DENIM HOUSE","دي باي داليا"
"DENIMOLOGY","دنيمولوجى"
"DERHY","درهي"
"DeshdashD","دش داش دى"
"DESIGUAL","ديسيغوال"
"DIGEL","ديجل"
"DKS","دي كي اس"
"Dolce and Gabbana","دولتشي آند غابانا"
"Dusters",""
"ELEGANZA","اليجانزا"
"ESSERE","إسسير"
"FATMAALMULLA","إف إم إم"
"FRATELLI","فراتيلي"
"Freya Dalsjo","فريا دالسو"
"GO COLORS","جو كلرز"
"HAYA","هيا"
"House of Ogan","هاوس اوف اوجن"
"HUGO BOSS","هيوجو بوس"
"INTEGRAL","انتيجرل"
"J BY JUMANA","جى باى جومانا"
"JACK MORGAN","جاك مورجان"
"JESSICA","جيسيكا"
"John Galliano","جون غاليانو"
"LIL ROCKER","ليل روكر"
"LINING","لي- نينج"
"LONDON BRIDGE","لندن بريدج"
"Mangano","مانجانو"
"MAUI JIM","ماوي جيم"
"MISS POEM","ميس بويم"
"MOSAIQUE","موزاييك"
"MYRED","ماى ريد"
"Nando Muzi","ناندو موزي"
"Nila and Nila","نيلا اند نيلا"
"PAPAYA HOLIDAY","بابايا هوليداي"
"People Footwear","بيبول"
"POSE/ARAZZI","بوز/أراتزي"
"PROJECT X PARIS","بروجكت إكس"
"RALPH","رالف"
"Ripani","ريباني"
"Salamander","سلماندر"
"SANTINI","سانتيني"
"SCHUTZ","شدس"
"Seidensticker","زايدنشتيكر"
"SIKSILK","سك سيلك"
"SUN and SAND","سن 'ن' ساند"
"TFNC","تي إف إن سي"
"TIARA ELEMENTS","تيارا اليمنتس"
"TOMMY LIFE","تومي لايف"
"TWINZIES","توينزيز"
"Underwearable","اندرويرابل"
"URBAN LILY","اربن لي لي"
"VERSUS","فيرسس"
"VOG PARIS","فوغ باريس"
"Vogue Eyewear","نظارات فوغ"
"Voyage of Style","فوياج اوف ستايل"
"WALG Italy","وال جي"
"WALG","وال جي"
"Top Women Categories","النساء أعلى الفئات"
"Top Men Categories","أعلى فئات الرجال"
"Cannot add the item to shopping cart.","لا يمكن إضافة هذا البند إلى عربة التسوق"
"Cannot add the item to shopping cart","لا يمكن إضافة هذا البند إلى عربة التسوق"
"Coupon code ""%s"" is not valid.","رمز القسيمة ""%s""في غير صالح."
"Coupon code ""%s"" is not valid","رمز القسيمة ""%s""في غير صالح"
"You might also like","قد يعجبك ايضا"
"What Product are you selling?","ما المنتج الذي تبيعه؟"
"Upload your profile or sample products","حمل ملفك الشخصي أو نموذج المنتجات"
"Do You have a Store","هل لديك متجر"
"How Many Styles Do You Have?","كيف العديد من الأنماط هل لديك؟"
"Yes","نعم فعلا"
"No","لا"
"Create Your Own","إنشاء الخاصة بك"
"This email adress is already registered. Please enter another email to register account or login using this email.","هذا البريد الالكتروني مسجل سابقا. الرجاء إدخال بريد إلكتروني آخر لتسجيل حساب أو تسجيل الدخول باستخدام هذا البريد الإلكتروني"
"Apply Brands Filter","تطبيق تصنيف الماركات"
"Size Shown In Image","القياس موضح في الصورة"
"Product Material","خامات المنتج"
"Care Instructions","إرشادات العناية"
" Low to High"," الأقل"
" High to Low"," الأكثر"
"Most Viewed","الأكثر شهرة"
"Newest First","جديد"
"Recommended","الموصى به"
"Maternity","ملابس الحوامل"
"maternity","ملابس الحوامل"
"Best Seller","الأكثر مبيعا"
"What Product are you selling?","ما المنتج الذي تبيعه؟"
"Upload your profile or sample products","حمل ملفك الشخصي أو نموذج المنتجات"
"Do You have a Store","هل لديك متجر"
"How Many Styles Do You Have?","كيف العديد من الأنماط هل لديك؟"
"Yes","نعم فعلا"
"No","لا"
"Create Your Own","إنشاء الخاصة بك"
"Position","الموصى بع"
"View Shopping Cart","استعراض حقيبة التسوق"
"Foot Length （mm)","طول القدم (مم)"
"Clear","مسح"
"Edit Email Preferences","تحرير تفضيلات البريد الإلكتروني"
"Email Preferences","تفضيلات البريد الإلكتروني"
"Return Request","طلب العودة"
"New Return Request","طلب عودة جديد"
"You have no Return Request","ليس لديك طلب إرجاع"
"Terms and Conditions","الأحكام والشروط"
"Measurement","المقاسات"
"Size On Model","المقاس المعروض في الصورة"
"WOMEN's home page","صفحة النساء الرئيسية"
"MEN's home page","صفحة الرجال الرئيسية"
"KIDS's home page","صفحة الأصفال الرئيسية"
"KID's home page","صفحة الأصفال الرئيسية"
"File type is not correct. Pdf and zip file are allowed only.","نوع الملف غير مسموح، الملف المسموح من نوع pdf و zip"
"File type is not correct. bmp,png,gif,jpg and jpeg file are allowed only.","نوع الملف غير مسموح، الملف المسومح من نوع jpeg و jpg"
"Enter Phone no without country code","أدخل رقم هاتف دون رمز البلد"
"Please enter a valid phone number. For example (123) 456-7890 or 123-456-7890 or 123456789.","يرجى ادخال رقم هاتف صحيح. مثال ١٢٣٤٥٦٧٨
يرجى ادخال رقم هاتف صحيح. مثال 123456789 او (123) 345-678 أو 123-456-789"
"Just In Shoes","الجديد من الأحذية"
"Just In Clothing","الجديد من الملابس"
"Just In Accessories","الجديد من الإكسسوارات"
"Just In Bag","الجديد من الحقائب" 
"Just In Bags","الجديد من الحقائب"
"Just In أحذية",  "الجديد من الأحذية"
"Just In ملابس","الجديد من الملابس"
"Just In اكسسوارات","جديد الإكسسورات"
"Just In حقائب","جديد شنط"
"Just In حقائب","جديد شنط"
"Account Email Preferences","حساب البريد الالكتروني المفضلة"
"Select Country Code","حدد رمز البلد"
"What would you like to do next?","ماذا تريد أن تفعل؟"
"Awesome Choice!","اختيار رائع"
"Sort","التصنيف"
"Done","تطبيق"
"Apply Filter","عرض المنتجات"
"Select a Range","اختار مجموعة"
"Yesterday","الأمس"
"Current Month","الشهر الحالي"
"Current Year","السنة الحالية"
"Reset","إعادة ضبط"
"Thank you for shopping with Elabelz. Your order has now been shipped via our carrier. You can track the progress of your order using the detail below:","شكرا للتسوق معنا لقد تم ارسال طلبك مع خدمة الشحن يمكنك متابعة الطلب من خلال الرابط التالي"

"Thank you for shopping with Elabelz. Your order has now been shipped.","الشكر للتسوق مع إيليبلز. تم شحن طلبك الآن"
"Just In","الجديد من"
"Order Detail","ترتيب التفاصيل"
"We regret the requested product is out of stock.","نحن نأسف المنتج المطلوب هو من المخزون."
"see more from","انظر المزيد من"
"or similar items.","أو بنود مماثلة."
"Product Image","صورة المنتج"
"Please select order","الرجاء تحديد ترتيب"
"No order selected","لم يتم تحديد أي طلب"
"Package Opened","تم فتح الحزمة"
"Request Type","نوع الطلب"
"Replacement","إستبدال"
"Submit Request","تقديم الطلب"
"Black Friday Reductions","تخفيضات الجمعة السوداء"

"VAT","ضريبة القيمة المضافة"
"Vat","ضريبة القيمة المضافة"
"vat","ضريبة القيمة المضافة"

"Your current balance is: ","رصيدك الحالي هو"
"Balance History","تاريخ الرصيد"
"View Request","عرض الطلب"
"choose File","اختر ملف"
"Request Information","طلب معلومات"
"REQUEST INFORMATION","طلب معلومات"
"confirm shipping","تأكيد الشحن"
"Confirm Shipping","تأكيد الشحن"
"The subscription has been removed.","تم إلغاء الاشتراك"
"Your current balance is","رصيدك الحالي هو"
"BALANCE HISTORY","تاريخ الرصيد"
"Balance Change","الباقي"
"Modified","التعديل"
"Used","المبلغ المستخدم"
"Added By Admin: No Comments Left","تمت إضافته من قبل المسؤول: لم تتبقى أية ملاحظات"
"Modified On","تم التعديل بتاريخ"
"Order Canceled","تم إلغاء الطلب"
"Order canceled","تم إلغاء الطلب"
"Spent On Order","تم الصرف على الطلب"
"Spent on order","تم الصرف على الطلب"
"Credit Memo","مذكرة بالمبلغ المرصود"
" Credit Memo ","ذكرة بالمبلغ المرصود"
" Credit Memo","ذكرة بالمبلغ المرصود"
"Credit Memo ","ذكرة بالمبلغ المرصود"
"EMAIL NOTIFICATIONS","تنبيه بالبريد الإلكتروني"
"Email Notifications","تنبيه بالبريد الإلكتروني"
"subscribe to email balance update notification","الاشتراك بخدمة التنبيه بالبريد الإلكتروني عند تعديل الرصيد"
"Subscribe to email Balance update notifications","الاشتراك بخدمة التنبيه بالبريد الإلكتروني عند تعديل الرصيد"
"Order Refunded","تم اعادة المبلغ لحسابك"
"Order refunded","تم اعادة المبلغ لحسابك"
"view request","عرض الطلب"
"Resolved (Canceled)","تم الطلب (تم الإلغاء)"
"Package Sent","تم إرسال الطلب"
"RETURN REQUEST","طلب إسترجاع"
"print label","طباعة الملصق"
"call us","اتصل بنا"
"Initiated at","تم بدء الطلب في"
"Order ID","رقم الطلب"
"Return Request ID","رقم طلب الإسترجاع"
"Replacement","البديل"
"Package Opened","تم فتح الطرد / العبوة"
"ITEMS RETURN REQUESTED FOR","تم طلب الإرجاع لـ"
"LEAVE COMMENT","اترك ملاحظة"
"Leave Comment","اترك ملاحظة"
"attachment","مرفق"
"no file chosen","لم يتم اختيار ملف"
"choose file","اختر ملف"
"Customer Service","خدمة المتعاملين"
"Your Return Request has been approved","تمت الموافقة على طلب الإرجاع"
"You can print a RMA label with return address and other information by using the following link","يمكنك طباعة ملصق (RMA) وغيرها من المعلومات عبر الرابط"
"The RMA label must be enclosed inside your package; you may want to keep a copy of the label for your records","يجب وضع الملصق داخل الطرد الخاص بك، ويمكنك الاحتفاظ بنسخة عنه لنفسك"
"Please send your package to and click the ""Confirm Sending"" button after","الرجاء إرسال الطرد ‘لى والضغط على زر ""تأكيد الإرسال"" بعد ذلك"
"search by name","البحث عن طريق الاسم"
"search by SKU","البحث عن طريق SKU"
"SELECT A RANGE","اختيار فئة"
"reset","إعادة الضبط"
"order no","رقم الطلب"
"color & size& qty","اللون والقياس والكمية"
"everything is available","كل شيء متوفر"
"yes","نعم"
"no","لا"
"choose file","اختيار ملف"
"no file choosen","لم يتم اختيار ملف"
"account no","رقم الحساب"
"remaining amount","المبلغ المتبقي"
"Holded","مرفوع"
"Shipped_from_elabelz","تم الإرسال من إي ليبلز"
"shipped_from_elabelz","تم الإرسال من إي ليبلز"
"Ready","جاهز"
"ready","جاهز"
"Successful_delivery","تم التوصيل بنجاح"
"No store credit transactions found","لم يتم إيجاد عملية مالية ائتمانية؟؟"
"You have no surcharges for this order.","ليس لديك رسوم إضافية لهذا الطلب."
"Messages History","الرسائل التاريخ"
"Comment Text","نص التعليق"
"Submit Comment","إرسال تعليق"

"Similar Products","منتجات مشابهة"
"Grand Total Excl. Tax","المجموع الكلي باستثناء الضرائب"
"Grand Total (Excl.Tax)","المجموع الكلي باستثناء الضرائب"
"Grand Total Incl. Tax","المجموع الكلي بما في ذلك الضرائب"
"Grand Total (Incl.Tax)","المجموع الكلي بما في ذلك الضرائب"
"The address has been saved.","تم حفظ العنوان."
"Store Credit (%s)","(%s) رصيد المتجر"
"Use Store Credit","استخدم رصيد المتجر"
"available","المتاح"
"your Return Request has been placed and waiting for approval","تم إرسال طلب الإسترجاع الخاص بك وهو"
"Order No","رقم الطلب"
"ASC","تصاعدي"
"DESC","تنازلي"
"Print Air Way Bill","طباعة بيل طريق الهواء"
"Print AWB","طباعة بيل طريق الهواء"
"Ready for Processing","جاهز للمعالجة"
"Order Confirmed","تم تاكيد الطلب"
"Send Cancelled Notifications","إرسال الإخطارات الملغاة"
"Country Code","رمز البلد"
"Search Orders","ترتيب البحث"
"Shipping Charges","رسوم الشحن"
"confirmed","مؤكد"
"canceled","ألغيت"
"You have no completed orders to Return Request or your orders were placed more than %s days ago","ليست لديك طلبات مكتملة لطلب الإرجاع أو تم وضع طلباتك أكثر من %s من الأيام"
"Color & Size & Qty","اللون بحجم كمية"
"last Week","الاسبوع الماضى"
"last month","الشهر الماضي"
"Search by Name","البحث عن طريق الإسم"
"Search by SKU","البحث عن طريق SKU"
"Your Return Request is currently waiting for approval","طلب إرجاعك في انتظار الموافقة حاليا"
"Items Return Requested for","عناصر العودة المطلوبة"
"Return Request ID:","معرف طلب العودة:"
"Your RMA has been placed and waiting for approval.","تم وضع رما الخاص بك وانتظار الموافقة."
"Inclusive of taxes","تتضمن الضريبة وجميع الرسوم المستحقة"
"egp","ج.م"
"EGP","ج.م"
"Glossy","غلوسي"
"Krush","كراش"
"Vintage","فينتيج"
"Milli","ميلي"
"TRUFFLE COLLECTION","ترافل كوليكشن"
"Style","ستايل"
"KOI","كوي"
"State / Province","الولاية / المنطقة"
"Share","شارك"
"Show Less","إظهار أقل"
"Show More","أظهر المزيد"
"Waiting response from payment gateway.","في انتظار الرد شكل بوابة الدفع"
"Help & FAQs", "المساعدة والأسئلة المتداولة"
"CREDIT AMOUNT", "قيمة الرصيد المرجع"
"TOTAL CREDIT Available", "قيمة الرصيد المتوفر"
"Some features will not properly work in private browsing! We recommend proceed in normal window.","بعض خصائص الموقع غير متوفرة في التصفح الخاص، يرجى التصفح بالصفحة العامة للحصول على أفضل تجربة تسوق من إي ليبلز"
"Online Confirmation","لتأكيد طلبك"
"Confirm your order via WhatsApp","أكد طلبك عبر الوتسب"
"Confirm","تأكيد الطلب"
" (Out of Stock)"," (إنتهى من المخزن) "
"Google+","جوجل +"
"You will receive welcome email with registration info in a moment.","سوف تتلقى رسالة ترحيب بالبريد الإلكتروني مع معلومات التسجيل في لحظة."
"Please specify the product's option(s).","يرجى إختيار القياس"
"Billing Information ","التوصيل"
"category","صنف"
"Category","صنف"
" Clear All","امسح"
"YAY!","ياي!"
"Store Credit","رصيدك في المتجر"
"Products Not Found","لم يتم العثور على المنتجات"
"Shop the look", "تسوق الصورة"
"Invalid image file format", "نوع الملف غير صحيح"
"Please upload an image to perform an image search", "يرجى تحميل صورة للبحث عن منتجات مشابهة"
"Retry","إعادة المحاولة"
"We couldn't load this content", "لم يتم العثور على أي منتج"
"OOOPS!", "!عفوا" 
"No results found","لا يوجد منتجات"
"Searching…","البحث ..."
"The results could not be loaded.","لا يمكن تحميل النتائج."
"Loading more results…","تحميل المزيد من النتائج ..."
